wafer_id,lot_id,oxidation_temp_c,oxidation_time_s,oxide_thickness_nm,lithography_alignment_nm,exposure_dose_mj_cm2,focus_offset_um,particle_count,etch_time_s,etch_depth_nm,cvd_thickness_nm,metal_thickness_nm,line_resistance_ohm,leakage_current_na,threshold_voltage_v
WFR_0001,LOT_001,1001.5,3621,99.97,7.37,215.7,-0.008,2,185,152.93,240.54,419.6,1.162,4.36,0.643
WFR_0002,LOT_001,999.6,3614,100.07,11.56,219.8,-0.009,3,188,152.46,252.37,403.13,1.254,4.4,0.634
WFR_0003,LOT_001,1001.9,3601,99.52,13.35,220.1,-0.036,4,181,149.3,252.18,389.57,1.303,5.15,0.634
WFR_0004,LOT_001,1004.6,3590,100.18,22.55,222.4,-0.007,4,181,150.1,256.98,403.69,1.235,2.84,0.653
WFR_0005,LOT_001,999.3,3610,98.21,17.23,213.2,0.015,7,174,145.73,251.08,396.17,1.275,3.82,0.634
WFR_0006,LOT_001,999.3,3606,100.23,9.66,223.0,-0.025,2,178,148.18,241.94,404.34,1.248,4.22,0.679
WFR_0007,LOT_001,1004.7,3613,100.98,16.94,206.5,0.021,2,179,147.63,244.24,399.57,1.251,4.1,0.654
WFR_0008,LOT_001,1002.3,3610,99.72,8.81,216.9,0.01,0,184,149.41,242.91,400.74,1.232,2.96,0.658
WFR_0009,LOT_001,998.6,3616,100.76,19.33,217.6,-0.015,3,178,150.15,246.77,390.88,1.298,2.02,0.664
WFR_0010,LOT_001,1001.6,3592,101.02,13.12,223.2,-0.003,3,183,149.44,248.9,409.9,1.209,4.0,0.682
WFR_0011,LOT_001,998.6,3620,98.58,14.63,220.1,0.032,2,180,150.01,243.01,388.44,1.297,3.53,0.642
WFR_0012,LOT_001,998.6,3603,99.09,20.3,213.0,0.015,1,179,150.96,258.82,388.91,1.313,3.18,0.624
WFR_0013,LOT_001,1000.7,3631,99.96,9.85,215.1,0.0,7,181,149.58,242.05,403.67,1.234,4.44,0.624
WFR_0014,LOT_001,994.3,3590,97.99,9.41,221.0,-0.005,4,178,148.38,258.08,416.03,1.191,3.63,0.631
WFR_0015,LOT_001,994.8,3626,100.57,12.67,219.6,0.002,7,178,149.37,257.11,396.47,1.254,2.64,0.649
WFR_0016,LOT_001,998.3,3603,99.61,19.15,217.1,-0.01,4,173,148.34,255.39,407.01,1.236,2.26,0.631
WFR_0017,LOT_001,997.0,3590,99.08,8.92,217.6,-0.042,2,179,147.93,245.84,410.73,1.22,2.77,0.62
WFR_0018,LOT_001,1000.9,3593,97.99,3.67,223.5,0.041,2,178,149.22,252.05,408.15,1.238,6.67,0.628
WFR_0019,LOT_001,997.3,3595,100.13,13.2,217.4,0.003,4,178,146.34,242.34,396.89,1.262,4.4,0.674
WFR_0020,LOT_001,995.8,3606,98.25,17.21,219.6,0.008,2,182,150.59,255.47,389.09,1.283,3.85,0.623
WFR_0021,LOT_001,1004.4,3608,100.88,19.8,230.8,-0.001,5,183,151.19,249.56,377.92,1.351,3.51,0.669
WFR_0022,LOT_001,999.3,3591,100.0,13.15,212.9,-0.015,4,181,149.18,247.54,397.37,1.268,3.45,0.649
WFR_0023,LOT_001,1000.2,3600,101.38,13.35,210.7,-0.004,0,184,151.03,242.66,411.78,1.182,4.91,0.647
WFR_0024,LOT_001,995.7,3632,98.69,19.62,223.9,-0.032,0,182,149.3,235.13,388.76,1.323,3.25,0.645
WFR_0025,LOT_001,998.4,3626,97.25,7.52,216.6,0.046,4,179,150.07,243.77,407.0,1.188,4.24,0.601
WFR_0026,LOT_002,1000.3,3607,100.36,13.45,218.4,-0.025,2,178,150.58,256.68,390.5,1.302,3.36,0.655
WFR_0027,LOT_002,996.5,3601,101.29,15.76,216.1,-0.021,2,181,148.72,247.58,401.06,1.224,5.96,0.66
WFR_0028,LOT_002,1001.1,3602,101.44,16.8,218.7,-0.009,5,182,149.92,248.98,407.08,1.26,4.42,0.681
WFR_0029,LOT_002,998.2,3609,100.12,12.96,228.0,0.026,3,186,153.52,253.93,393.41,1.235,5.01,0.636
WFR_0030,LOT_002,999.1,3585,99.07,15.14,224.0,0.0,4,185,154.39,260.83,401.7,1.253,3.17,0.645
WFR_0031,LOT_002,998.2,3596,100.46,5.05,224.3,-0.025,0,178,146.59,257.95,395.85,1.275,4.78,0.643
WFR_0032,LOT_002,1005.6,3575,99.36,12.37,212.9,0.025,2,180,149.67,244.17,407.05,1.215,3.39,0.635
WFR_0033,LOT_002,1000.0,3606,100.59,16.81,214.2,0.015,3,183,151.65,238.34,402.35,1.239,3.77,0.603
WFR_0034,LOT_002,996.8,3610,100.22,11.07,205.8,0.011,3,184,151.94,264.16,400.57,1.255,5.52,0.684
WFR_0035,LOT_002,1002.5,3593,101.29,15.24,216.0,0.014,2,184,147.91,263.61,415.58,1.176,2.83,0.674
WFR_0036,LOT_002,996.3,3624,102.68,16.79,224.8,0.048,3,180,150.09,251.13,406.62,1.207,3.86,0.671
WFR_0037,LOT_002,1000.6,3582,100.12,13.63,222.6,0.044,2,175,149.75,242.38,393.1,1.291,4.09,0.635
WFR_0038,LOT_002,994.1,3578,98.17,15.68,218.9,-0.014,2,176,148.54,255.78,399.14,1.224,4.18,0.621
WFR_0039,LOT_002,996.0,3603,99.44,11.15,219.9,0.032,4,181,149.11,249.35,399.24,1.244,3.28,0.654
WFR_0040,LOT_002,1000.6,3616,98.63,14.17,216.6,0.008,4,181,150.19,249.32,400.8,1.307,6.18,0.605
WFR_0041,LOT_002,1002.2,3625,100.14,17.44,221.0,0.01,1,176,150.43,255.37,425.25,1.128,2.65,0.65
WFR_0042,LOT_002,1000.5,3593,99.53,15.63,223.8,-0.034,4,180,151.55,252.01,403.71,1.253,5.28,0.671
WFR_0043,LOT_002,999.7,3616,99.75,12.65,211.9,-0.003,1,183,152.27,242.89,379.64,1.313,4.97,0.63
WFR_0044,LOT_002,999.1,3599,100.01,15.9,221.5,-0.016,5,175,148.23,248.05,394.57,1.287,5.9,0.651
WFR_0045,LOT_002,995.6,3597,98.46,17.86,224.7,0.017,1,184,151.53,253.97,380.68,1.336,2.47,0.665
WFR_0046,LOT_002,997.8,3613,101.06,6.8,217.9,0.021,4,178,148.73,253.06,396.7,1.29,2.95,0.672
WFR_0047,LOT_002,998.6,3610,99.99,19.64,223.5,-0.041,3,185,152.4,251.57,380.13,1.318,5.33,0.652
WFR_0048,LOT_002,1003.2,3576,99.99,13.65,234.1,-0.0,2,178,149.76,255.6,391.28,1.325,2.3,0.658
WFR_0049,LOT_002,1001.0,3622,100.27,16.7,219.5,0.022,2,176,150.16,247.83,384.79,1.299,2.46,0.647
WFR_0050,LOT_002,994.7,3621,99.78,19.79,222.0,-0.004,1,178,150.81,251.07,403.84,1.237,3.25,0.667
WFR_0051,LOT_003,1001.0,3591,100.78,9.51,216.3,0.015,2,180,147.52,229.75,400.01,1.262,3.85,0.653
WFR_0052,LOT_003,998.8,3606,99.08,12.16,220.9,0.007,1,178,149.74,247.3,403.03,1.216,5.46,0.61
WFR_0053,LOT_003,998.0,3607,99.19,13.85,222.3,0.007,3,179,150.84,254.58,398.95,1.246,3.5,0.634
WFR_0054,LOT_003,1001.8,3604,100.05,11.86,221.0,-0.005,1,181,151.59,247.66,386.06,1.304,3.15,0.636
WFR_0055,LOT_003,1003.1,3592,98.95,21.94,214.9,-0.024,1,179,148.92,247.2,405.14,1.224,672.85,0.633
WFR_0056,LOT_003,1002.8,3590,99.4,11.57,221.0,-0.022,2,180,154.36,243.75,419.22,1.209,4.13,0.639
WFR_0057,LOT_003,997.5,3600,99.14,12.78,227.3,0.014,5,173,144.84,256.02,404.09,1.232,4.1,0.658
WFR_0058,LOT_003,999.1,3618,101.09,15.82,222.2,0.0,6,182,148.94,253.29,395.74,1.294,3.51,0.673
WFR_0059,LOT_003,1001.0,3608,100.57,10.19,224.8,-0.003,2,180,150.06,254.95,385.72,1.324,2.25,0.661
WFR_0060,LOT_003,1002.9,3594,100.52,13.42,218.8,-0.008,3,186,156.29,239.64,390.92,1.267,2.92,0.656
WFR_0061,LOT_003,998.6,3612,100.87,16.27,223.7,-0.006,5,176,146.69,249.04,404.53,1.224,5.23,0.645
WFR_0062,LOT_003,999.4,3557,98.92,13.67,221.4,0.021,5,173,146.2,248.32,410.73,1.203,3.84,0.604
WFR_0063,LOT_003,996.7,3617,100.24,14.63,215.2,-0.007,0,182,152.8,248.32,402.61,1.221,3.39,0.655
WFR_0064,LOT_003,996.4,3574,98.84,12.88,221.6,-0.027,3,181,150.9,246.3,408.0,1.18,4.85,0.648
WFR_0065,LOT_003,1002.4,3595,100.52,8.94,215.0,0.015,3,176,147.38,247.92,407.08,1.209,2.77,0.655
WFR_0066,LOT_003,1004.1,3583,99.69,16.29,216.8,-0.004,1,174,147.85,255.1,405.07,1.207,3.47,0.638
WFR_0067,LOT_003,999.8,3581,97.14,22.02,220.9,0.001,1,186,154.06,238.52,393.42,1.291,3.8,0.623
WFR_0068,LOT_003,1003.0,3617,100.67,15.07,221.5,0.032,0,186,154.24,260.66,401.74,1.243,3.29,0.657
WFR_0069,LOT_003,1001.1,3593,101.45,15.9,214.1,-0.0,3,170,146.67,252.9,391.52,1.31,3.76,0.693
WFR_0070,LOT_003,998.1,3605,100.74,17.77,225.3,0.006,2,178,149.4,249.75,400.17,1.263,3.5,0.677
WFR_0071,LOT_003,1001.1,3599,101.11,9.92,222.9,-0.024,1,187,153.54,255.44,403.31,1.229,2.59,0.678
WFR_0072,LOT_003,1004.6,3607,102.07,21.81,216.5,-0.004,6,178,148.95,241.29,416.79,1.215,3.84,0.686
WFR_0073,LOT_003,999.9,3601,100.1,15.81,212.3,0.012,0,178,149.73,246.01,386.9,1.291,2.63,0.632
WFR_0074,LOT_003,1004.7,3581,100.52,21.53,219.3,-0.031,1,179,149.41,249.27,404.82,1.235,3.82,0.666
WFR_0075,LOT_003,992.1,3615,98.5,12.07,217.8,0.004,3,176,148.06,258.19,414.81,1.212,5.17,0.638
WFR_0076,LOT_004,1002.5,3593,99.91,22.27,220.6,0.002,2,173,148.4,249.72,407.59,1.198,3.42,0.658
WFR_0077,LOT_004,1000.3,3577,100.19,18.1,218.2,0.001,2,184,154.34,252.7,408.33,1.266,2.74,0.66
WFR_0078,LOT_004,999.1,3594,100.94,17.21,210.0,0.021,6,173,143.86,246.46,405.88,1.245,3.55,0.668
WFR_0079,LOT_004,1000.3,3623,100.35,15.94,218.1,0.007,3,181,150.44,252.92,412.98,1.2,2.98,0.695
WFR_0080,LOT_004,994.0,3613,98.91,14.01,218.5,0.03,1,184,150.96,260.06,389.13,1.316,4.26,0.636
WFR_0081,LOT_004,999.3,3595,99.8,19.8,223.2,-0.02,3,174,146.67,255.97,386.14,1.334,3.54,0.662
WFR_0082,LOT_004,1001.1,3595,100.66,15.56,216.5,0.003,4,176,148.62,249.51,399.94,1.255,5.63,0.651
WFR_0083,LOT_004,1004.4,3595,99.12,7.13,228.4,0.002,0,185,153.61,254.05,378.39,1.328,4.91,0.651
WFR_0084,LOT_004,998.4,3631,98.09,10.53,210.4,-0.021,2,182,151.28,253.47,412.31,1.167,3.53,0.641
WFR_0085,LOT_004,997.6,3606,99.2,14.26,226.6,0.019,1,178,146.06,253.04,412.21,1.202,4.39,0.646
WFR_0086,LOT_004,998.5,3606,98.68,16.24,218.9,0.046,3,185,151.22,256.67,395.67,1.274,3.33,0.659
WFR_0087,LOT_004,1002.7,3615,100.21,14.77,224.3,-0.0,5,185,153.72,256.63,396.29,1.263,3.7,0.639
WFR_0088,LOT_004,1001.0,3604,100.07,19.88,220.4,0.01,4,181,146.41,249.24,399.28,1.288,3.35,0.644
WFR_0089,LOT_004,998.4,3596,99.23,7.2,225.7,0.002,2,176,150.13,253.85,400.52,1.245,4.44,0.644
WFR_0090,LOT_004,1001.5,3597,101.62,15.57,218.1,-0.014,3,178,149.63,247.7,401.27,1.218,5.25,0.683
WFR_0091,LOT_004,1000.3,3599,100.35,7.73,214.5,-0.036,3,181,152.48,244.46,405.58,1.241,4.48,0.657
WFR_0092,LOT_004,1002.9,3599,100.73,18.04,227.1,-0.014,5,179,149.18,248.38,398.27,1.288,4.62,0.678
WFR_0093,LOT_004,997.9,3611,100.52,14.62,219.4,-0.028,1,184,148.68,249.54,409.43,1.234,4.62,0.646
WFR_0094,LOT_004,999.0,3601,98.73,16.68,221.1,0.034,4,174,147.84,240.03,404.46,1.235,4.21,0.618
WFR_0095,LOT_004,998.8,3611,101.08,11.54,226.2,-0.002,0,174,148.71,255.16,393.93,1.299,2.76,0.668
WFR_0096,LOT_004,995.6,3599,99.24,20.12,214.8,-0.007,2,181,151.9,233.4,413.35,1.259,5.61,0.64
WFR_0097,LOT_004,1000.9,3601,100.83,19.17,223.0,0.018,2,178,147.86,266.29,386.42,1.313,5.76,0.668
WFR_0098,LOT_004,1000.8,3570,98.45,17.33,217.1,-0.022,1,177,149.19,259.01,399.08,1.23,3.46,0.631
WFR_0099,LOT_004,1000.0,3614,98.72,14.48,219.3,-0.015,4,173,145.92,248.43,409.67,1.212,3.34,0.63
WFR_0100,LOT_004,999.3,3605,100.82,17.32,220.4,0.001,5,180,148.65,250.06,392.77,1.295,4.28,0.659
WFR_0101,LOT_005,995.8,3615,100.04,12.17,212.5,0.021,2,180,151.32,251.82,403.1,1.202,4.21,0.651
WFR_0102,LOT_005,998.7,3557,98.04,18.42,216.1,0.01,4,183,149.9,246.47,405.43,1.232,3.49,0.622
WFR_0103,LOT_005,999.0,3631,99.6,21.6,226.8,0.005,4,180,148.88,251.16,391.39,1.295,2.68,0.642
WFR_0104,LOT_005,997.6,3598,100.72,19.28,224.4,0.002,2,179,147.93,249.14,399.28,1.29,3.96,0.653
WFR_0105,LOT_005,999.5,3617,99.07,12.08,219.7,0.008,2,185,150.3,249.43,398.43,1.282,4.21,0.652
WFR_0106,LOT_005,1001.2,3584,101.51,16.45,221.2,0.004,3,175,147.29,251.09,394.48,1.297,4.4,0.671
WFR_0107,LOT_005,1005.7,3609,100.13,9.83,218.5,-0.021,3,182,152.79,242.12,423.02,1.106,4.0,0.685
WFR_0108,LOT_005,1000.5,3584,100.4,17.29,226.8,0.001,3,173,146.3,250.24,392.37,1.31,3.43,0.657
WFR_0109,LOT_005,1000.8,3591,99.6,16.8,219.0,-0.021,4,177,146.14,250.98,410.05,1.235,4.7,0.637
WFR_0110,LOT_005,999.8,3629,101.14,7.52,221.2,0.002,5,175,148.61,250.77,396.07,1.275,3.73,0.704
WFR_0111,LOT_005,994.2,3597,98.54,10.35,225.7,-0.01,4,183,154.39,248.71,389.13,1.246,3.27,0.639
WFR_0112,LOT_005,999.9,3603,99.89,13.87,216.1,0.051,4,180,148.92,256.83,401.03,1.234,3.51,0.664
WFR_0113,LOT_005,1000.2,3613,100.33,13.8,227.8,-0.001,2,180,149.19,247.88,406.49,1.203,2.37,0.663
WFR_0114,LOT_005,1007.4,3607,100.25,10.16,212.3,-0.028,2,176,148.51,251.36,409.21,1.177,3.51,0.662
WFR_0115,LOT_005,999.4,3602,100.7,16.56,228.1,-0.003,5,179,151.69,257.78,415.62,1.182,4.36,0.666
WFR_0116,LOT_005,1000.9,3605,99.73,16.01,218.1,0.01,2,177,147.75,249.52,429.45,1.123,3.99,0.63
WFR_0117,LOT_005,999.9,3636,100.48,14.22,218.8,0.033,1,182,148.67,251.29,402.51,1.296,5.37,0.661
WFR_0118,LOT_005,996.5,3599,98.46,11.98,210.5,-0.012,2,176,149.27,249.42,393.37,1.275,3.44,0.612
WFR_0119,LOT_005,1003.4,3603,98.01,19.19,217.7,-0.032,4,185,154.26,257.42,404.53,1.245,4.14,0.624
WFR_0120,LOT_005,1002.3,3616,100.46,21.62,214.8,0.016,2,173,146.57,248.45,397.34,1.24,4.47,0.645
WFR_0121,LOT_005,1002.4,3617,103.1,13.07,217.0,-0.028,4,177,146.93,257.7,409.26,1.212,6.59,0.693
WFR_0122,LOT_005,997.3,3618,100.73,12.55,219.3,-0.009,1,187,154.7,249.38,387.03,1.29,3.8,0.664
WFR_0123,LOT_005,1004.2,3610,100.8,16.96,224.8,-0.005,3,178,149.76,244.84,423.68,14.85,2.83,0.667
WFR_0124,LOT_005,995.8,3583,98.76,13.57,221.0,-0.001,5,175,146.46,254.08,408.56,1.218,4.54,0.639
WFR_0125,LOT_005,1001.8,3625,100.78,14.44,221.5,0.014,4,181,150.36,248.17,383.16,1.312,5.85,0.65
WFR_0126,LOT_006,1006.6,3583,101.19,17.96,214.5,-0.014,1,178,146.78,253.72,392.91,1.283,3.39,0.66
WFR_0127,LOT_006,997.0,3605,98.46,7.36,215.6,-0.005,2,177,149.66,233.62,408.16,1.255,4.53,0.645
WFR_0128,LOT_006,998.3,3589,100.63,20.27,229.0,-0.0,2,176,147.29,250.03,411.76,1.219,4.99,0.674
WFR_0129,LOT_006,1000.3,3599,100.74,15.29,216.3,0.003,7,191,154.73,247.24,387.28,1.296,4.73,0.642
WFR_0130,LOT_006,998.5,3605,100.59,13.35,228.3,0.002,2,179,149.33,243.62,407.13,1.234,3.79,0.634
WFR_0131,LOT_006,995.3,3605,99.84,14.64,218.8,0.009,3,172,146.24,246.68,380.53,1.351,3.08,0.637
WFR_0132,LOT_006,1000.2,3606,100.18,14.85,220.0,0.017,3,186,154.29,246.56,399.11,1.239,3.6,0.668
WFR_0133,LOT_006,996.8,3624,100.68,8.08,225.4,0.008,6,182,151.97,249.71,411.12,1.193,4.12,0.676
WFR_0134,LOT_006,1001.4,3607,100.94,20.98,226.4,0.009,2,177,148.04,241.8,394.48,1.281,4.6,0.647
WFR_0135,LOT_006,997.2,3596,99.16,15.17,219.4,-0.032,2,176,149.45,251.9,384.93,1.335,3.99,0.645
WFR_0136,LOT_006,1004.6,3614,100.41,16.77,218.1,0.001,2,183,151.87,258.2,401.46,1.261,3.34,0.682
WFR_0137,LOT_006,997.7,3618,100.11,18.81,219.7,0.01,1,179,148.85,251.69,393.95,1.273,4.22,0.658
WFR_0138,LOT_006,999.0,3582,101.04,10.92,221.7,0.015,3,172,145.75,254.85,406.3,1.253,4.55,0.684
WFR_0139,LOT_006,1002.4,3609,99.31,16.89,224.5,-0.014,5,187,153.49,256.57,391.15,1.271,4.03,0.657
WFR_0140,LOT_006,996.3,3611,98.19,13.93,220.0,-0.013,4,178,150.25,257.42,392.27,1.281,2.98,0.615
WFR_0141,LOT_006,1000.7,3596,100.18,18.39,223.1,-0.011,4,186,152.41,261.22,379.79,1.314,3.51,0.649
WFR_0142,LOT_006,1003.9,3621,101.05,6.49,228.2,0.011,3,185,151.76,247.0,401.7,1.234,4.65,0.663
WFR_0143,LOT_006,995.2,3598,99.4,14.6,221.9,0.021,2,176,151.07,245.69,398.39,1.28,2.6,0.644
WFR_0144,LOT_006,1000.6,3602,100.36,12.59,221.6,-0.008,4,184,153.4,254.7,388.12,1.289,2.17,0.668
WFR_0145,LOT_006,1000.8,3597,99.84,16.73,212.4,0.018,3,177,147.59,254.25,401.94,1.252,5.35,0.654
WFR_0146,LOT_006,1002.3,3600,101.85,16.88,206.8,0.002,3,173,146.75,254.65,410.27,1.19,4.17,0.628
WFR_0147,LOT_006,996.3,3584,97.51,12.17,221.9,-0.002,1,178,149.83,261.34,397.84,1.253,4.27,0.6
WFR_0148,LOT_006,996.0,3578,98.15,12.15,219.5,-0.004,4,182,151.75,250.07,402.68,1.229,2.8,0.595
WFR_0149,LOT_006,1001.6,3624,100.61,14.56,217.4,0.015,3,178,149.16,252.56,402.73,1.225,4.41,0.66
WFR_0150,LOT_006,1000.9,3587,98.24,11.41,221.2,0.007,1,179,151.52,244.12,387.96,1.294,3.93,0.632
WFR_0151,LOT_007,1000.8,3585,99.64,18.37,219.7,0.046,1,185,152.88,262.81,420.57,1.151,2.47,0.65
WFR_0152,LOT_007,1001.0,3568,101.17,13.52,225.6,-0.017,1,180,149.89,247.98,395.29,1.271,5.24,0.65
WFR_0153,LOT_007,998.0,3590,99.52,3.37,220.4,0.01,2,177,149.97,248.15,406.56,1.226,3.82,0.654
WFR_0154,LOT_007,1000.7,3580,99.94,13.5,216.3,-0.011,3,183,151.77,247.92,407.69,1.195,3.32,0.66
WFR_0155,LOT_007,1000.9,3625,99.36,10.85,225.0,-0.017,3,181,150.7,246.13,398.6,1.245,3.34,0.624
WFR_0156,LOT_007,997.9,3615,99.37,8.47,218.9,-0.0,3,170,145.55,245.62,406.07,1.241,2.22,0.62
WFR_0157,LOT_007,1005.6,3590,100.26,10.05,222.6,0.003,1,182,150.66,246.86,402.46,1.262,4.26,0.653
WFR_0158,LOT_007,1001.4,3634,100.57,15.44,217.6,0.058,3,182,150.68,241.81,385.82,1.31,3.92,0.684
WFR_0159,LOT_007,996.4,3615,101.04,20.31,216.8,-0.004,2,180,148.95,245.29,396.68,1.253,3.5,0.688
WFR_0160,LOT_007,1002.0,3595,100.76,16.25,220.4,-0.023,1,184,150.51,261.69,393.87,1.281,5.05,0.668
WFR_0161,LOT_007,997.1,3563,97.7,12.57,220.1,0.005,1,177,147.62,254.41,395.38,1.31,2.6,0.611
WFR_0162,LOT_007,1002.4,3634,101.29,16.82,222.4,-0.041,1,181,148.33,255.56,386.96,1.326,3.16,0.679
WFR_0163,LOT_007,1003.5,3579,100.6,13.16,218.7,-0.002,4,174,145.43,257.06,411.26,1.23,2.97,0.65
WFR_0164,LOT_007,997.5,3575,100.28,12.22,210.8,0.0,3,182,150.5,261.0,416.02,1.199,3.42,0.642
WFR_0165,LOT_007,1002.9,3615,102.32,10.38,217.8,0.016,2,188,153.6,239.37,409.78,1.229,3.73,0.646
WFR_0166,LOT_007,1001.2,3637,99.9,7.99,224.0,0.019,2,176,147.62,242.62,412.71,1.228,4.09,0.65
WFR_0167,LOT_007,1002.5,3621,99.97,13.44,218.5,-0.01,3,177,144.95,245.18,396.55,1.29,3.36,0.64
WFR_0168,LOT_007,1005.7,3608,99.77,15.63,218.8,-0.003,2,177,150.99,247.18,393.64,1.294,2.95,0.649
WFR_0169,LOT_007,999.3,3609,99.83,14.61,224.9,-0.015,4,181,151.92,248.2,392.21,1.254,5.59,0.614
WFR_0170,LOT_007,997.7,3613,100.38,13.34,216.4,-0.023,2,176,148.47,247.32,406.44,1.199,6.71,0.657
WFR_0171,LOT_007,997.3,3611,100.81,11.22,212.3,0.006,3,182,153.54,251.32,402.27,1.233,3.8,0.623
WFR_0172,LOT_007,997.6,3604,99.64,17.43,219.2,-0.025,5,183,150.3,250.21,399.23,1.254,3.04,0.662
WFR_0173,LOT_007,999.8,3602,99.68,9.73,217.6,-0.008,5,182,153.96,245.66,412.95,1.175,5.31,0.654
WFR_0174,LOT_007,1001.0,3599,100.29,18.1,215.2,-0.02,2,173,144.96,236.95,404.05,1.265,2.56,0.649
WFR_0175,LOT_007,1000.8,3589,99.06,10.99,219.1,0.011,1,184,152.54,244.04,391.61,1.239,3.37,0.647
WFR_0176,LOT_008,1002.5,3596,102.38,11.99,222.5,0.036,1,184,149.49,246.7,393.19,1.268,3.08,0.664
WFR_0177,LOT_008,1000.0,3575,97.89,9.13,220.0,-0.026,4,183,152.1,248.52,406.82,1.207,2.75,0.626
WFR_0178,LOT_008,1004.4,3599,100.81,12.99,221.5,-0.037,1,181,151.16,243.22,410.42,1.172,3.42,0.672
WFR_0179,LOT_008,999.2,3585,101.61,18.9,229.1,-0.002,4,181,149.89,247.06,405.52,1.258,2.96,0.623
WFR_0180,LOT_008,1008.2,3583,100.9,17.06,218.3,0.0,1,184,152.96,243.21,418.97,1.138,3.68,0.654
WFR_0181,LOT_008,1001.9,3603,100.15,18.91,221.4,0.004,5,188,153.97,249.25,416.35,1.161,3.69,0.651
WFR_0182,LOT_008,997.4,3621,99.67,17.09,217.5,-0.009,1,176,147.38,243.56,404.41,1.258,3.14,0.643
WFR_0183,LOT_008,996.8,3614,99.61,10.59,215.8,-0.004,1,184,151.38,244.91,391.61,1.292,3.34,0.667
WFR_0184,LOT_008,1001.4,3576,101.12,13.68,217.1,0.007,2,180,150.82,242.15,386.9,1.278,3.46,0.647
WFR_0185,LOT_008,999.3,3585,97.39,11.88,217.6,0.021,4,179,149.28,249.08,396.13,1.281,4.49,0.609
WFR_0186,LOT_008,1002.1,3614,102.14,20.32,221.8,-0.039,0,174,147.87,244.8,407.53,1.232,3.54,0.647
WFR_0187,LOT_008,1001.4,3585,98.49,10.21,231.7,-0.007,4,179,151.57,255.44,418.27,1.219,4.51,0.655
WFR_0188,LOT_008,999.8,3597,99.63,18.57,216.4,0.004,0,176,145.58,252.44,404.17,1.255,4.25,0.642
WFR_0189,LOT_008,997.5,3608,99.35,18.57,217.9,-0.018,1,178,150.9,249.58,411.69,1.198,4.23,0.636
WFR_0190,LOT_008,995.5,3585,99.62,22.32,219.7,0.035,3,176,150.97,245.22,397.55,1.24,5.19,0.645
WFR_0191,LOT_008,998.7,3602,98.23,13.36,222.0,-0.013,1,178,149.83,252.28,406.23,1.211,2.77,0.638
WFR_0192,LOT_008,1002.6,3580,100.45,17.85,221.3,-0.001,4,178,150.0,254.14,408.23,1.201,3.26,0.661
WFR_0193,LOT_008,1000.6,3591,101.94,24.13,226.4,0.011,3,180,151.36,250.86,380.2,1.353,5.7,0.713
WFR_0194,LOT_008,996.3,3605,98.17,12.53,207.9,-0.012,2,174,146.72,259.62,395.87,1.277,3.44,0.635
WFR_0195,LOT_008,1000.5,3576,99.79,8.86,208.1,-0.037,4,174,147.42,252.76,409.5,1.231,1.82,0.64
WFR_0196,LOT_008,1001.2,3607,99.64,7.48,217.5,-0.009,7,181,148.82,255.48,402.74,1.273,3.49,0.637
WFR_0197,LOT_008,997.3,3600,100.02,17.85,225.5,0.021,4,177,148.61,250.8,388.03,1.255,3.8,0.644
WFR_0198,LOT_008,1000.5,3608,100.25,7.47,212.2,-0.007,4,184,152.85,254.05,375.7,1.364,1.91,0.631
WFR_0199,LOT_008,1000.2,3603,99.45,13.51,205.0,-0.017,3,181,151.33,245.22,396.34,1.262,5.12,0.644
WFR_0200,LOT_008,996.6,3620,100.38,16.75,222.9,0.019,3,182,152.74,247.25,399.28,1.253,3.07,0.666
WFR_0201,LOT_009,1001.1,3602,102.0,15.74,221.2,-0.007,2,186,151.26,252.1,391.16,1.265,3.98,0.665
WFR_0202,LOT_009,1001.7,3594,99.93,16.7,214.5,-0.01,2,179,148.6,252.05,401.43,1.233,3.47,0.637
WFR_0203,LOT_009,1003.2,3602,101.24,15.89,215.1,0.003,3,178,151.45,253.05,405.06,1.235,2.66,0.688
WFR_0204,LOT_009,1003.2,3608,99.34,20.12,215.2,0.015,3,183,151.65,256.6,406.71,1.266,2.81,0.621
WFR_0205,LOT_009,995.9,3601,98.44,11.19,220.6,0.048,2,182,151.63,241.45,376.44,1.359,2.9,0.6
WFR_0206,LOT_009,997.2,3601,100.06,12.29,216.9,0.017,3,179,149.51,244.15,386.86,1.329,4.81,0.633
WFR_0207,LOT_009,1001.5,3589,101.51,11.91,222.5,0.023,3,186,151.25,251.38,396.95,1.255,3.54,0.645
WFR_0208,LOT_009,1001.5,3590,100.39,18.32,205.7,-0.01,3,179,151.93,245.65,405.72,1.209,3.22,0.66
WFR_0209,LOT_009,1001.5,3579,99.5,18.6,215.7,-0.021,4,180,149.37,270.27,404.89,1.217,2.9,0.639
WFR_0210,LOT_009,1011.6,3626,102.26,16.8,214.4,0.001,3,180,147.9,253.09,404.72,1.228,4.95,0.674
WFR_0211,LOT_009,1001.7,3581,98.63,19.73,218.7,0.002,8,176,147.73,249.53,396.17,1.231,5.29,0.651
WFR_0212,LOT_009,1003.4,3590,100.91,10.29,217.3,-0.022,3,180,146.97,246.91,396.72,1.258,4.93,0.651
WFR_0213,LOT_009,1002.9,3589,101.1,21.67,224.0,-0.004,2,186,151.6,247.12,392.72,1.263,4.15,0.675
WFR_0214,LOT_009,1002.0,3613,100.11,21.09,210.7,0.008,4,182,149.42,250.18,407.68,1.218,3.95,0.674
WFR_0215,LOT_009,999.1,3596,99.3,17.94,220.2,0.007,0,180,151.13,250.67,390.8,1.286,2.71,0.635
WFR_0216,LOT_009,1002.3,3619,100.98,22.13,222.8,0.01,4,179,148.47,247.26,408.5,1.228,3.45,0.673
WFR_0217,LOT_009,997.7,3590,99.01,8.37,229.3,0.006,2,181,152.19,248.36,402.08,1.235,3.09,0.635
WFR_0218,LOT_009,999.3,3604,99.91,12.9,217.6,-0.01,1,183,153.62,258.07,399.55,1.229,2.32,0.663
WFR_0219,LOT_009,998.5,3587,101.63,12.06,221.6,-0.01,2,182,152.06,258.31,393.43,1.231,4.78,0.646
WFR_0220,LOT_009,1000.2,3632,100.43,17.89,211.0,-0.024,1,179,148.93,251.51,386.44,1.296,3.08,0.631
WFR_0221,LOT_009,1006.9,3582,100.33,10.8,208.0,0.036,1,181,150.8,241.95,393.52,1.254,4.95,0.648
WFR_0222,LOT_009,994.4,3605,98.61,18.03,224.2,0.0,4,182,148.95,253.23,396.7,1.276,4.57,0.62
WFR_0223,LOT_009,1002.1,3610,101.24,20.48,220.0,-0.004,3,176,147.54,259.33,376.31,1.37,4.22,0.657
WFR_0224,LOT_009,995.2,3606,99.22,17.78,225.9,-0.019,2,181,149.2,258.22,398.03,1.279,4.28,0.637
WFR_0225,LOT_009,998.6,3597,99.08,16.14,213.1,0.059,3,171,146.9,254.41,409.24,1.237,3.15,0.65
WFR_0226,LOT_010,1003.3,3598,101.77,11.05,222.6,-0.021,3,182,154.47,258.53,405.67,1.211,5.84,0.665
WFR_0227,LOT_010,1000.2,3601,101.46,11.61,229.3,-0.009,3,183,151.78,250.32,395.04,1.254,3.71,0.655
WFR_0228,LOT_010,996.8,3598,98.87,20.0,222.1,0.008,5,183,148.73,253.77,400.47,1.237,3.96,0.631
WFR_0229,LOT_010,997.9,3614,98.1,18.12,221.4,0.012,4,178,149.05,245.92,394.44,1.245,3.12,0.616
WFR_0230,LOT_010,1002.0,3633,101.98,14.84,220.0,0.019,1,181,150.41,251.75,401.49,1.263,2.91,0.66
WFR_0231,LOT_010,997.8,3592,98.82,13.33,212.1,0.036,2,186,153.22,257.98,415.4,1.175,4.13,0.612
WFR_0232,LOT_010,1000.6,3579,100.48,6.9,226.8,0.01,3,186,151.64,246.46,409.68,1.181,3.87,0.657
WFR_0233,LOT_010,1000.1,3599,98.02,10.72,216.9,-0.021,3,180,150.7,244.83,405.21,1.211,3.01,0.618
WFR_0234,LOT_010,998.0,3639,101.37,22.65,222.5,-0.005,5,181,148.14,250.58,395.07,1.258,689.78,0.681
WFR_0235,LOT_010,1006.4,3588,99.51,9.88,212.2,0.006,2,184,150.9,248.64,407.5,1.218,2.67,0.622
WFR_0236,LOT_010,1001.9,3625,101.51,15.76,214.1,0.041,3,174,147.67,253.89,383.13,1.346,4.95,0.66
WFR_0237,LOT_010,993.9,3625,99.61,19.03,227.2,-0.028,4,179,147.91,247.28,397.48,1.259,3.15,0.672
WFR_0238,LOT_010,1000.6,3592,98.96,9.98,218.3,0.024,2,185,153.69,260.31,405.84,1.171,3.37,0.623
WFR_0239,LOT_010,998.0,3609,99.47,15.74,227.3,0.004,2,184,150.0,242.26,407.4,1.217,5.27,0.64
WFR_0240,LOT_010,1002.6,3624,101.56,18.75,219.6,0.017,1,181,153.07,257.52,406.7,1.211,2.77,0.65
WFR_0241,LOT_010,997.6,3594,99.64,15.05,210.8,-0.002,3,174,145.9,245.41,402.95,1.246,3.06,0.625
WFR_0242,LOT_010,999.7,3597,100.47,26.47,224.5,-0.017,4,180,149.47,239.22,398.04,1.247,3.03,0.679
WFR_0243,LOT_010,1001.5,3591,102.03,8.33,217.1,0.015,6,178,148.91,251.43,405.38,1.236,5.5,0.677
WFR_0244,LOT_010,1002.6,3585,98.52,19.23,223.5,0.013,2,181,150.11,248.47,390.47,1.289,6.04,0.634
WFR_0245,LOT_010,996.4,3590,100.88,14.31,220.1,0.019,5,177,148.42,243.34,391.55,1.288,4.43,0.635
WFR_0246,LOT_010,999.0,3582,99.59,18.09,212.3,-0.0,4,176,148.89,239.91,400.62,1.259,4.46,0.65
WFR_0247,LOT_010,998.6,3601,98.9,16.77,220.8,-0.012,7,172,147.53,249.95,401.73,1.242,3.17,0.654
WFR_0248,LOT_010,998.0,3588,98.14,12.07,231.0,-0.031,4,185,154.0,255.86,381.74,1.301,5.97,0.645
WFR_0249,LOT_010,1005.3,3604,100.68,15.92,222.5,0.016,3,178,148.81,253.51,404.55,1.263,3.92,0.668
WFR_0250,LOT_010,1001.2,3577,100.64,7.57,219.7,0.008,2,181,149.97,250.34,407.73,1.23,4.54,0.641
WFR_0251,LOT_011,996.2,3605,99.4,17.41,225.4,-0.019,5,180,153.64,252.87,399.23,1.259,3.57,0.648
WFR_0252,LOT_011,1002.8,3613,102.17,16.19,221.1,-0.011,6,176,148.86,249.84,423.74,1.183,3.43,0.686
WFR_0253,LOT_011,1006.4,3570,98.91,17.55,221.0,-0.009,2,175,146.32,241.42,393.17,1.299,5.56,0.61
WFR_0254,LOT_011,1003.1,3606,100.56,19.23,214.5,-0.03,2,176,148.03,241.47,396.39,1.289,4.2,0.64
WFR_0255,LOT_011,995.4,3618,98.43,16.47,221.2,-0.016,2,177,148.36,248.78,396.05,1.239,5.27,0.645
WFR_0256,LOT_011,998.5,3582,99.78,15.59,225.2,-0.023,1,181,150.57,249.04,399.24,1.255,3.91,0.661
WFR_0257,LOT_011,1003.8,3625,101.96,11.48,215.8,-0.008,4,177,146.17,255.11,396.71,1.271,2.97,0.65
WFR_0258,LOT_011,997.9,3606,99.39,12.15,227.1,-0.015,5,187,153.0,254.54,385.93,1.331,3.17,0.655
WFR_0259,LOT_011,1001.3,3589,97.38,19.75,219.5,-0.033,5,184,155.29,253.63,394.53,1.275,3.76,0.62
WFR_0260,LOT_011,1002.3,3599,100.53,20.75,215.6,0.04,5,183,152.38,248.32,399.02,1.234,3.14,0.668
WFR_0261,LOT_011,997.2,3608,100.19,14.05,225.0,0.025,3,180,145.99,241.72,412.29,1.22,2.78,0.643
WFR_0262,LOT_011,999.8,3601,100.4,15.18,218.6,-0.016,5,186,154.77,252.47,422.02,1.151,4.95,0.664
WFR_0263,LOT_011,990.3,3608,99.94,11.38,223.8,0.005,3,179,151.21,253.15,413.35,1.202,3.2,0.662
WFR_0264,LOT_011,996.9,3586,98.19,19.69,218.5,0.008,0,180,149.76,235.67,392.25,1.261,3.8,0.623
WFR_0265,LOT_011,999.2,3603,100.62,17.66,219.7,0.024,2,181,151.29,244.99,393.04,1.281,3.95,0.658
WFR_0266,LOT_011,996.3,3579,100.21,22.76,222.5,-0.016,2,183,150.07,245.85,398.41,1.252,3.17,0.643
WFR_0267,LOT_011,1004.9,3598,98.92,11.49,221.5,0.022,3,183,150.78,250.71,417.85,1.182,5.27,0.662
WFR_0268,LOT_011,995.7,3586,99.4,13.49,210.0,-0.011,3,178,151.42,245.18,398.35,1.238,2.78,0.641
WFR_0269,LOT_011,998.7,3589,99.08,15.93,214.4,-0.027,4,178,148.71,249.77,386.72,1.295,3.92,0.625
WFR_0270,LOT_011,1000.4,3619,100.35,17.59,224.6,0.014,4,183,148.41,248.74,394.99,1.298,3.9,0.643
WFR_0271,LOT_011,1004.3,3616,101.32,14.14,219.3,0.026,3,183,151.07,249.05,407.57,1.195,3.62,0.668
WFR_0272,LOT_011,995.7,3609,99.05,11.51,217.4,0.052,2,178,149.29,245.7,406.9,1.205,2.65,0.65
WFR_0273,LOT_011,1003.5,3584,99.52,18.53,213.2,-0.024,2,174,148.72,246.17,398.0,1.261,4.56,0.624
WFR_0274,LOT_011,1000.0,3595,99.94,17.88,214.6,0.014,4,179,149.62,243.52,406.83,1.208,4.42,0.677
WFR_0275,LOT_011,997.1,3618,98.84,11.33,209.9,-0.008,3,182,150.85,252.28,377.27,1.321,3.1,0.641
WFR_0276,LOT_012,1001.4,3602,99.16,20.42,219.5,0.016,0,187,155.35,253.43,401.04,1.232,4.38,0.647
WFR_0277,LOT_012,1000.6,3635,101.46,19.68,217.0,-0.029,4,175,147.49,245.38,408.61,1.193,4.03,0.666
WFR_0278,LOT_012,998.2,3606,98.7,15.54,215.2,-0.025,3,178,148.28,259.12,391.67,1.268,2.66,0.635
WFR_0279,LOT_012,1000.2,3603,100.76,15.32,219.7,-0.016,2,178,150.8,248.11,391.64,1.322,2.96,0.657
WFR_0280,LOT_012,998.8,3595,100.2,17.22,221.8,0.002,1,185,152.96,259.18,381.34,1.325,4.88,0.668
WFR_0281,LOT_012,1000.3,3602,98.37,11.55,230.5,-0.013,3,180,150.26,246.15,415.9,1.171,3.96,0.63
WFR_0282,LOT_012,1002.0,3598,99.57,15.12,212.4,0.013,3,176,148.54,237.84,392.8,1.292,3.19,0.656
WFR_0283,LOT_012,1004.8,3611,102.12,6.39,225.8,0.021,2,182,149.09,252.41,402.41,1.254,2.96,0.669
WFR_0284,LOT_012,996.3,3614,98.75,18.51,224.9,0.012,1,178,148.65,251.49,406.04,1.25,3.23,0.638
WFR_0285,LOT_012,1006.4,3588,100.26,8.75,216.1,0.032,3,175,147.5,250.21,415.12,1.194,3.28,0.641
WFR_0286,LOT_012,994.1,3580,99.18,21.01,221.0,0.008,5,176,148.09,246.15,398.46,1.281,2.97,0.658
WFR_0287,LOT_012,999.5,3572,100.16,13.68,217.7,-0.024,4,187,155.34,249.79,394.61,1.215,2.37,0.639
WFR_0288,LOT_012,1001.8,3608,100.17,14.15,220.9,0.027,3,182,151.06,246.93,401.73,1.219,4.88,0.647
WFR_0289,LOT_012,1000.8,3583,99.2,12.49,227.5,-0.012,4,180,151.66,248.19,412.84,1.197,4.68,0.636
WFR_0290,LOT_012,998.1,3568,100.5,13.85,223.0,0.018,6,179,149.42,255.05,398.3,1.265,2.67,0.651
WFR_0291,LOT_012,999.4,3606,101.76,20.67,222.5,0.031,4,181,151.82,251.11,390.45,1.265,3.8,0.682
WFR_0292,LOT_012,998.5,3637,101.5,5.05,217.8,0.009,2,181,150.86,253.66,384.59,1.314,2.93,0.663
WFR_0293,LOT_012,998.2,3600,99.82,20.11,212.6,-0.03,2,181,150.64,248.61,387.79,1.284,3.44,0.669
WFR_0294,LOT_012,1002.5,3613,99.83,16.35,219.0,-0.018,2,180,150.24,247.95,408.64,1.209,3.37,0.636
WFR_0295,LOT_012,1001.1,3601,99.35,10.17,226.0,0.026,2,183,150.43,243.08,396.79,1.282,3.3,0.645
WFR_0296,LOT_012,997.9,3599,100.18,10.7,212.4,-0.003,2,180,150.77,247.78,393.92,1.29,6.05,0.641
WFR_0297,LOT_012,1002.7,3614,101.1,21.71,214.7,0.002,2,176,147.76,230.07,392.84,1.265,3.29,0.67
WFR_0298,LOT_012,1000.9,3596,101.45,11.22,220.6,0.015,2,178,147.73,246.46,400.85,1.232,3.0,0.667
WFR_0299,LOT_012,1002.4,3604,101.1,10.39,215.1,0.014,1,172,147.48,249.51,397.61,1.259,3.03,0.661
WFR_0300,LOT_012,1001.9,3605,98.88,19.55,216.0,0.006,2,188,152.4,253.38,397.27,1.253,4.76,0.654
WFR_0301,LOT_013,997.5,3590,100.48,16.35,217.9,-0.004,1,183,151.0,248.39,413.49,1.18,2.43,0.646
WFR_0302,LOT_013,998.3,3615,99.05,11.25,213.2,-0.006,4,177,150.07,252.09,415.38,1.209,3.03,0.647
WFR_0303,LOT_013,1002.2,3597,99.9,15.87,215.1,0.017,1,179,149.93,236.92,383.9,1.322,5.27,0.637
WFR_0304,LOT_013,1001.8,3589,100.3,10.9,223.5,0.011,4,177,148.59,249.66,403.28,1.249,3.9,0.655
WFR_0305,LOT_013,999.9,3608,102.15,19.4,213.5,-0.005,2,186,153.03,239.92,392.23,1.247,3.85,0.658
WFR_0306,LOT_013,1000.4,3587,102.89,19.25,212.0,0.022,1,174,146.85,242.75,397.52,1.293,6.25,0.675
WFR_0307,LOT_013,1003.8,3600,101.19,17.13,216.8,-0.003,4,180,147.72,248.88,403.09,1.188,3.9,0.663
WFR_0308,LOT_013,998.2,3600,99.55,16.45,223.7,-0.017,4,180,149.35,257.66,397.87,1.277,3.07,0.672
WFR_0309,LOT_013,1001.6,3616,101.11,22.04,219.0,-0.015,4,183,153.86,252.23,402.3,1.248,3.42,0.665
WFR_0310,LOT_013,999.4,3607,100.94,15.0,217.7,-0.02,2,180,148.62,250.11,406.73,1.219,2.76,0.686
WFR_0311,LOT_013,999.3,3600,99.57,10.27,220.2,-0.005,2,173,146.09,249.88,402.95,1.275,5.02,0.648
WFR_0312,LOT_013,1003.3,3612,102.53,16.8,211.3,0.025,2,179,148.18,245.72,393.53,1.28,4.24,0.675
WFR_0313,LOT_013,1002.5,3621,101.02,23.34,222.5,-0.016,2,176,147.72,246.74,393.71,1.283,4.86,0.685
WFR_0314,LOT_013,1002.4,3608,101.03,10.94,221.9,0.004,2,180,149.08,252.56,385.6,1.317,4.97,0.669
WFR_0315,LOT_013,1003.9,3600,101.26,13.55,218.0,-0.013,5,186,153.35,241.69,391.46,1.338,3.31,0.655
WFR_0316,LOT_013,1000.1,3580,100.04,16.67,225.0,-0.005,1,173,146.81,253.56,419.62,1.208,2.9,0.658
WFR_0317,LOT_013,1002.0,3584,100.83,14.78,214.4,-0.03,1,177,149.39,247.67,392.08,1.298,3.62,0.656
WFR_0318,LOT_013,999.1,3595,99.15,11.07,225.6,-0.004,5,178,147.49,254.95,388.07,1.287,2.95,0.61
WFR_0319,LOT_013,1001.0,3591,99.4,19.49,220.8,-0.004,3,178,148.85,255.77,403.2,1.244,3.82,0.657
WFR_0320,LOT_013,999.6,3597,98.79,24.28,218.3,0.011,2,183,151.38,239.96,398.9,1.234,4.87,0.652
WFR_0321,LOT_013,1000.3,3601,100.5,15.78,219.9,0.004,4,179,150.24,246.51,398.04,1.274,3.52,0.684
WFR_0322,LOT_013,1001.8,3608,101.21,11.38,219.5,-0.024,2,182,149.4,244.87,414.09,1.198,3.81,0.671
WFR_0323,LOT_013,997.5,3599,100.07,8.8,226.1,0.022,3,177,150.11,239.12,405.49,1.205,3.58,0.647
WFR_0324,LOT_013,1006.3,3607,102.76,16.03,214.6,0.004,3,181,151.69,243.8,394.7,1.268,4.48,0.696
WFR_0325,LOT_013,997.0,3601,99.56,19.42,216.2,0.004,4,183,150.16,264.65,395.76,1.25,3.11,0.657
WFR_0326,LOT_014,996.4,3570,99.53,16.9,225.2,-0.0,4,177,147.89,253.66,394.97,1.279,2.12,0.669
WFR_0327,LOT_014,1003.5,3586,99.15,14.99,217.0,-0.01,2,183,150.94,261.5,408.75,1.195,4.13,0.639
WFR_0328,LOT_014,1002.4,3598,99.93,12.64,224.5,0.004,2,180,154.07,254.97,396.92,1.251,4.7,0.647
WFR_0329,LOT_014,1001.9,3582,100.61,10.63,228.5,0.01,1,184,151.32,245.55,382.07,1.333,4.1,0.647
WFR_0330,LOT_014,1001.9,3609,101.31,18.34,218.0,-0.035,6,179,151.85,247.71,399.52,1.245,3.13,0.674
WFR_0331,LOT_014,1000.0,3623,100.16,18.66,223.4,-0.011,4,182,148.83,253.53,384.63,1.307,2.76,0.629
WFR_0332,LOT_014,997.3,3618,99.89,8.82,214.2,-0.005,3,180,148.46,252.63,421.84,1.171,4.15,0.66
WFR_0333,LOT_014,1000.2,3597,98.45,21.36,223.8,0.005,2,180,149.09,246.54,390.34,1.305,3.8,0.64
WFR_0334,LOT_014,998.0,3622,99.79,17.3,221.0,0.024,2,181,149.29,240.94,398.38,1.236,3.56,0.656
WFR_0335,LOT_014,1002.9,3602,101.37,20.6,222.4,-0.015,2,182,150.4,269.73,402.58,1.244,5.79,0.669
WFR_0336,LOT_014,999.6,3595,100.41,9.63,216.8,-0.01,5,175,146.36,249.15,397.11,1.299,2.9,0.678
WFR_0337,LOT_014,997.5,3591,99.95,9.54,211.7,-0.01,1,186,151.65,248.05,397.1,1.268,5.72,0.662
WFR_0338,LOT_014,999.0,3595,99.81,14.4,222.5,-0.016,3,173,148.06,250.68,404.22,1.24,3.7,0.639
WFR_0339,LOT_014,1001.2,3594,100.08,17.01,209.7,-0.007,1,177,150.45,248.54,415.26,1.2,2.32,0.642
WFR_0340,LOT_014,998.3,3603,99.14,22.19,218.4,0.015,1,180,151.41,250.74,407.68,1.224,3.51,0.626
WFR_0341,LOT_014,997.5,3602,100.38,17.82,224.7,-0.021,7,182,151.54,257.72,414.79,1.201,4.66,0.663
WFR_0342,LOT_014,1000.7,3600,100.53,14.03,221.0,0.009,6,186,153.19,249.25,389.53,1.242,3.35,0.641
WFR_0343,LOT_014,1000.7,3607,100.73,10.89,229.7,-0.034,1,173,145.39,243.02,403.17,1.22,2.54,0.675
WFR_0344,LOT_014,998.5,3618,99.6,19.92,225.1,-0.011,5,178,147.63,249.03,401.55,1.271,3.52,0.665
WFR_0345,LOT_014,998.6,3614,97.92,11.14,216.7,-0.007,3,171,146.71,247.21,403.51,1.216,2.96,0.612
WFR_0346,LOT_014,1000.7,3578,100.76,21.51,220.1,0.033,2,180,148.15,258.54,413.76,1.209,4.15,0.656
WFR_0347,LOT_014,995.7,3562,98.1,13.86,219.8,-0.005,3,181,149.43,257.03,397.79,1.253,4.45,0.627
WFR_0348,LOT_014,995.8,3614,98.78,21.36,212.1,-0.044,3,186,155.15,250.65,395.94,1.231,2.82,0.649
WFR_0349,LOT_014,997.8,3579,99.96,17.72,215.3,-0.04,4,180,153.1,242.33,405.34,1.226,3.08,0.674
WFR_0350,LOT_014,999.4,3597,99.44,14.45,217.2,0.001,6,184,152.79,242.64,382.22,1.317,4.43,0.618
WFR_0351,LOT_015,1000.9,3582,100.85,12.92,209.8,0.012,3,182,152.66,250.09,397.63,1.294,2.96,0.655
WFR_0352,LOT_015,1004.4,3573,100.74,13.64,220.2,0.008,3,178,148.61,252.02,398.66,1.247,2.8,0.655
WFR_0353,LOT_015,1002.6,3608,101.23,16.71,218.8,0.003,5,174,144.93,247.75,390.8,1.331,2.73,0.644
WFR_0354,LOT_015,999.5,3611,98.79,15.31,211.6,0.023,0,181,151.71,247.12,410.57,1.21,4.01,0.628
WFR_0355,LOT_015,999.9,3591,101.03,12.62,222.0,-0.011,5,174,147.66,246.44,389.38,1.286,3.96,0.669
WFR_0356,LOT_015,997.0,3561,99.03,14.34,223.6,0.018,2,185,152.89,249.86,398.64,1.263,3.09,0.634
WFR_0357,LOT_015,999.9,3592,99.46,15.31,221.1,-0.033,1,179,149.42,235.7,402.93,1.251,3.67,0.62
WFR_0358,LOT_015,999.1,3606,100.13,6.49,218.4,-0.018,4,185,153.81,243.39,413.53,1.185,5.38,0.695
WFR_0359,LOT_015,1001.0,3578,97.93,16.83,223.0,-0.036,4,178,147.98,246.24,399.89,1.262,2.88,0.629
WFR_0360,LOT_015,997.5,3603,100.09,11.08,223.4,-0.005,5,181,149.36,257.25,409.36,1.203,2.25,0.653
WFR_0361,LOT_015,1001.6,3600,99.2,10.39,221.5,-0.001,2,181,149.07,245.12,407.01,1.208,4.11,0.624
WFR_0362,LOT_015,1004.6,3609,99.51,8.25,215.9,0.002,2,180,150.14,251.08,401.23,1.26,3.57,0.648
WFR_0363,LOT_015,999.7,3602,98.46,7.82,221.4,0.001,4,178,147.81,251.36,389.1,1.296,3.07,0.629
WFR_0364,LOT_015,1001.2,3585,101.0,9.58,226.0,-0.019,4,182,149.56,257.79,385.65,1.307,4.32,0.634
WFR_0365,LOT_015,1002.1,3618,100.04,12.16,217.0,-0.004,3,176,147.08,257.58,401.07,1.26,4.53,0.634
WFR_0366,LOT_015,998.8,3598,101.31,22.81,230.5,-0.03,1,175,146.93,249.65,394.57,1.286,2.11,0.678
WFR_0367,LOT_015,1000.7,3600,99.56,12.9,217.4,0.027,1,185,150.34,247.15,409.19,1.184,3.12,0.674
WFR_0368,LOT_015,1000.0,3586,98.02,15.71,220.2,-0.006,1,183,151.98,246.02,407.46,1.24,6.55,0.632
WFR_0369,LOT_015,1000.3,3593,98.79,16.6,216.6,-0.01,1,180,152.24,248.55,398.15,1.253,4.25,0.652
WFR_0370,LOT_015,997.7,3587,100.62,15.52,221.1,0.032,4,187,153.41,247.4,388.42,1.282,4.35,0.655
WFR_0371,LOT_015,1000.1,3597,99.8,14.69,211.3,-0.025,3,179,151.82,253.32,405.11,1.233,4.92,0.646
WFR_0372,LOT_015,1001.5,3626,100.19,10.22,217.3,-0.023,4,185,154.61,252.52,389.82,1.282,3.68,0.669
WFR_0373,LOT_015,1004.4,3579,100.4,20.8,214.5,-0.022,3,181,151.44,253.55,392.42,1.291,4.48,0.68
WFR_0374,LOT_015,1002.9,3576,100.45,22.23,220.7,-0.001,3,176,147.97,257.56,390.21,1.306,4.39,0.675
WFR_0375,LOT_015,1006.5,3622,102.53,8.27,225.0,0.009,3,187,153.22,261.18,398.61,1.26,4.2,0.664
WFR_0376,LOT_016,997.7,3597,101.04,10.9,223.2,0.015,0,184,152.92,250.75,411.7,1.221,3.39,0.661
WFR_0377,LOT_016,1002.6,3590,99.83,13.88,208.1,0.051,6,180,149.2,256.6,399.95,1.27,3.83,0.652
WFR_0378,LOT_016,1000.6,3616,99.07,11.14,230.2,-0.045,4,183,148.82,247.89,395.57,1.268,3.17,0.635
WFR_0379,LOT_016,1006.6,3591,100.39,17.02,221.5,0.012,1,178,149.85,257.11,384.74,1.289,3.68,0.661
WFR_0380,LOT_016,997.6,3627,100.44,12.09,216.1,-0.011,6,183,149.87,256.37,405.52,1.262,2.74,0.668
WFR_0381,LOT_016,997.5,3610,98.86,23.66,220.8,-0.012,1,170,144.0,256.05,392.2,1.294,3.01,0.651
WFR_0382,LOT_016,998.2,3593,98.63,19.76,220.9,-0.012,3,176,148.24,250.56,401.18,1.241,3.42,0.659
WFR_0383,LOT_016,993.6,3632,100.04,15.85,216.7,-0.018,6,184,151.81,245.99,396.46,1.224,2.9,0.645
WFR_0384,LOT_016,998.4,3591,99.53,19.11,221.0,0.034,3,179,147.48,241.63,408.38,1.231,3.23,0.624
WFR_0385,LOT_016,997.7,3611,99.91,19.42,217.0,0.017,1,181,150.68,249.76,398.43,1.257,3.52,0.654
WFR_0386,LOT_016,1000.5,3604,99.4,12.74,218.0,0.0,4,175,148.88,259.2,399.41,1.225,4.06,0.671
WFR_0387,LOT_016,1001.0,3620,100.31,11.74,216.6,0.027,1,187,151.94,248.14,404.86,1.234,4.65,0.647
WFR_0388,LOT_016,1005.6,3623,100.39,15.31,212.8,-0.03,4,185,154.21,254.71,421.07,1.143,3.27,0.665
WFR_0389,LOT_016,1002.9,3600,101.33,18.45,220.7,-0.027,5,179,146.99,255.06,408.88,1.277,5.12,0.676
WFR_0390,LOT_016,998.3,3589,100.55,15.56,222.9,-0.044,1,178,152.26,248.3,399.11,1.235,4.64,0.659
WFR_0391,LOT_016,997.3,3607,97.89,8.69,222.6,-0.014,2,184,151.86,257.9,400.03,1.236,4.16,0.625
WFR_0392,LOT_016,1001.5,3590,99.09,11.79,224.1,0.003,5,188,154.37,232.55,394.75,1.24,3.81,0.625
WFR_0393,LOT_016,996.0,3630,98.51,14.7,221.6,0.002,9,184,149.37,242.66,390.5,1.315,3.97,0.598
WFR_0394,LOT_016,1005.5,3602,100.22,14.7,217.3,0.003,5,189,154.21,244.51,394.47,1.252,4.94,0.636
WFR_0395,LOT_016,1003.5,3595,100.34,22.89,224.2,-0.028,4,176,148.43,245.08,392.28,1.271,4.98,0.648
WFR_0396,LOT_016,998.6,3603,98.39,9.46,213.2,0.016,4,177,148.55,252.02,406.53,1.242,5.12,0.647
WFR_0397,LOT_016,994.9,3580,97.9,17.02,215.5,0.005,4,175,147.2,251.74,389.29,1.274,3.71,0.623
WFR_0398,LOT_016,1004.1,3585,99.31,20.96,215.2,0.015,3,182,149.6,252.36,413.33,1.21,4.22,0.634
WFR_0399,LOT_016,999.7,3618,100.52,24.09,225.4,-0.038,2,181,151.94,253.58,407.52,1.25,5.13,0.643
WFR_0400,LOT_016,1003.7,3590,100.43,13.38,224.7,0.006,2,179,149.66,244.3,400.21,1.262,3.14,0.665
WFR_0401,LOT_017,995.2,3584,98.25,16.97,222.4,-0.024,7,183,154.28,242.69,400.0,1.25,3.39,0.649
WFR_0402,LOT_017,998.2,3608,100.07,17.28,225.4,-0.008,4,185,151.66,252.38,394.43,1.285,3.68,0.667
WFR_0403,LOT_017,1000.0,3618,99.81,15.78,215.6,0.011,3,174,146.33,246.22,402.7,1.284,4.59,0.657
WFR_0404,LOT_017,1000.1,3611,99.97,14.6,221.7,0.002,1,178,150.04,240.58,410.88,1.231,4.61,0.627
WFR_0405,LOT_017,998.6,3615,101.77,16.74,219.4,-0.017,1,183,148.85,255.83,392.97,1.29,3.46,0.666
WFR_0406,LOT_017,1001.9,3589,101.39,4.87,224.2,0.0,2,178,146.97,258.37,384.67,1.339,2.52,0.696
WFR_0407,LOT_017,996.8,3579,97.79,17.73,219.4,-0.031,2,177,150.49,259.34,407.03,1.203,3.9,0.64
WFR_0408,LOT_017,999.6,3623,101.22,15.5,218.1,0.023,4,184,150.04,251.12,403.24,1.252,2.92,0.642
WFR_0409,LOT_017,1000.4,3595,100.77,14.11,222.7,-0.004,3,175,144.54,253.76,388.8,1.291,2.53,0.658
WFR_0410,LOT_017,1001.5,3596,99.01,23.19,224.4,0.022,4,179,152.4,258.22,392.67,1.265,2.68,0.644
WFR_0411,LOT_017,1002.1,3620,101.54,12.3,216.7,-0.011,6,181,148.26,246.15,391.41,1.228,3.98,0.657
WFR_0412,LOT_017,996.6,3608,101.2,13.39,219.7,-0.01,2,178,148.89,256.66,392.75,1.29,5.16,0.63
WFR_0413,LOT_017,995.4,3607,98.32,22.97,214.7,-0.015,5,183,152.01,251.65,396.76,1.244,3.71,0.631
WFR_0414,LOT_017,1003.8,3632,100.31,11.67,207.5,0.018,1,178,144.58,255.48,397.33,1.299,3.87,0.642
WFR_0415,LOT_017,1001.0,3590,100.97,12.8,221.0,-0.014,4,186,152.22,251.12,393.49,1.277,4.93,0.65
WFR_0416,LOT_017,997.8,3614,100.21,14.41,223.0,0.013,2,179,150.38,257.78,392.42,1.302,2.49,0.647
WFR_0417,LOT_017,1004.7,3601,101.27,18.36,221.3,-0.008,5,183,151.62,251.34,397.71,1.233,4.18,0.663
WFR_0418,LOT_017,1000.3,3604,100.47,15.83,210.3,-0.04,2,183,152.75,241.1,401.68,1.256,3.66,0.656
WFR_0419,LOT_017,1003.5,3623,101.38,9.83,218.2,-0.011,4,177,147.89,258.71,396.84,1.311,4.23,0.653
WFR_0420,LOT_017,1000.2,3608,98.86,12.87,208.9,-0.024,2,172,147.19,244.31,411.59,1.227,3.25,0.633
WFR_0421,LOT_017,1006.2,3608,102.14,12.57,226.8,0.001,6,181,149.26,257.52,405.08,1.248,2.99,0.649
WFR_0422,LOT_017,1005.3,3616,102.28,14.69,214.6,-0.024,2,180,147.57,249.46,384.09,1.324,3.8,0.682
WFR_0423,LOT_017,999.3,3595,99.55,16.7,226.3,0.019,0,182,149.26,257.06,405.24,1.221,5.54,0.602
WFR_0424,LOT_017,1002.9,3587,100.14,16.67,224.7,-0.002,2,179,147.33,256.81,406.06,1.249,4.55,0.647
WFR_0425,LOT_017,1001.9,3584,98.45,7.9,215.5,-0.004,3,178,150.96,252.58,395.65,1.234,3.23,0.645
WFR_0426,LOT_018,1004.1,3571,100.54,19.26,214.3,0.013,2,188,151.64,253.05,385.05,1.297,2.62,0.641
WFR_0427,LOT_018,997.1,3631,100.75,16.01,221.8,0.019,4,174,147.32,252.54,400.08,1.222,2.41,0.67
WFR_0428,LOT_018,1002.1,3583,99.92,20.54,215.8,-0.0,2,183,151.09,237.92,399.92,1.233,5.1,0.666
WFR_0429,LOT_018,1003.2,3597,101.53,16.78,220.5,-0.015,2,178,148.39,250.71,388.78,1.313,2.89,0.619
WFR_0430,LOT_018,994.7,3596,98.79,19.41,217.6,-0.035,4,179,151.62,243.3,385.49,1.313,3.38,0.633
WFR_0431,LOT_018,996.5,3605,100.12,16.87,211.1,-0.014,1,179,148.68,251.03,399.12,1.258,5.11,0.608
WFR_0432,LOT_018,993.9,3612,98.31,20.38,208.8,-0.012,1,177,149.65,243.14,397.67,1.264,2.45,0.628
WFR_0433,LOT_018,999.2,3613,100.11,17.09,221.1,0.002,4,182,151.18,242.89,395.83,1.225,5.33,0.651
WFR_0434,LOT_018,1002.2,3591,99.97,14.61,217.2,-0.007,3,186,152.56,259.63,399.17,1.238,3.44,0.612
WFR_0435,LOT_018,1004.5,3597,100.85,24.09,217.2,0.014,8,182,154.22,256.42,388.97,1.268,2.75,0.689
WFR_0436,LOT_018,1000.2,3604,99.75,18.56,223.5,-0.012,1,180,148.1,249.98,395.65,1.26,3.45,0.651
WFR_0437,LOT_018,1004.9,3596,100.53,17.29,225.9,-0.001,4,176,149.86,251.11,405.33,1.241,3.06,0.644
WFR_0438,LOT_018,995.9,3624,100.69,9.89,218.6,0.024,2,182,151.88,248.51,396.5,1.241,4.1,0.68
WFR_0439,LOT_018,994.9,3607,98.94,9.85,218.3,0.007,2,189,153.8,253.42,383.28,1.293,3.12,0.61
WFR_0440,LOT_018,999.8,3611,98.59,16.17,222.5,-0.001,3,178,151.96,245.94,395.27,1.221,2.28,0.615
WFR_0441,LOT_018,1001.2,3610,102.12,15.58,213.2,-0.012,4,178,146.05,255.96,389.3,1.299,3.47,0.641
WFR_0442,LOT_018,999.9,3618,101.72,12.54,221.1,-0.013,3,178,147.75,248.48,402.67,1.224,2.61,0.698
WFR_0443,LOT_018,993.8,3603,97.83,15.56,222.8,-0.017,4,178,147.64,247.48,403.19,1.246,3.86,0.629
WFR_0444,LOT_018,999.7,3581,100.26,21.35,223.4,-0.011,5,169,145.08,250.13,383.41,1.312,2.73,0.663
WFR_0445,LOT_018,996.1,3606,99.03,17.78,210.3,0.015,5,182,149.33,246.45,407.59,1.224,3.25,0.643
WFR_0446,LOT_018,1002.0,3590,100.37,10.44,216.2,-0.004,2,177,148.88,251.97,388.88,1.295,3.84,0.663
WFR_0447,LOT_018,1001.1,3592,100.3,14.55,215.6,-0.027,5,174,146.44,246.78,415.59,1.232,3.48,0.655
WFR_0448,LOT_018,997.2,3609,99.52,11.78,220.5,0.035,3,183,150.88,252.81,399.51,1.259,3.91,0.648
WFR_0449,LOT_018,998.5,3619,99.36,13.45,222.4,0.006,5,176,148.55,257.3,387.54,1.267,4.35,0.644
WFR_0450,LOT_018,996.8,3600,98.84,13.35,227.5,-0.028,3,179,149.15,245.68,388.58,1.273,2.75,0.627
WFR_0451,LOT_019,999.8,3605,99.15,13.09,217.5,-0.009,6,186,151.47,249.22,403.48,1.233,3.61,0.639
WFR_0452,LOT_019,1002.9,3626,100.11,9.98,217.5,0.002,1,174,151.36,252.77,396.09,1.243,1.6,0.655
WFR_0453,LOT_019,997.0,3604,99.56,14.49,225.7,0.034,1,174,146.29,247.38,399.03,1.206,3.9,0.646
WFR_0454,LOT_019,1001.5,3639,100.29,12.76,221.5,-0.022,4,181,147.15,252.79,416.13,1.221,3.4,0.631
WFR_0455,LOT_019,998.4,3608,100.61,3.28,226.3,0.02,3,185,150.91,253.33,393.01,1.29,2.87,0.637
WFR_0456,LOT_019,997.6,3574,100.6,23.21,221.4,0.028,7,174,144.83,112.4,400.6,1.274,3.97,0.673
WFR_0457,LOT_019,999.7,3611,99.6,19.36,214.2,-0.013,2,182,152.14,246.36,414.2,1.175,4.92,0.641
WFR_0458,LOT_019,996.9,3606,99.89,13.49,213.3,-0.006,0,182,151.67,244.34,402.71,1.243,3.26,0.657
WFR_0459,LOT_019,998.3,3619,100.64,15.08,212.2,-0.021,2,172,146.35,248.15,383.93,1.311,2.9,0.641
WFR_0460,LOT_019,996.4,3610,100.13,10.31,223.3,-0.004,3,183,151.01,244.19,405.05,1.231,3.82,0.63
WFR_0461,LOT_019,1005.9,3598,100.92,21.78,225.9,-0.001,2,184,151.15,253.39,388.37,1.275,2.63,0.648
WFR_0462,LOT_019,1000.1,3582,100.39,22.59,229.2,0.013,3,179,148.74,243.03,414.07,1.228,3.11,0.651
WFR_0463,LOT_019,997.9,3597,100.1,15.63,224.2,0.022,3,185,152.36,264.0,391.77,1.244,4.98,0.641
WFR_0464,LOT_019,1000.6,3587,98.6,19.09,225.8,-0.015,1,185,153.81,257.78,429.7,1.144,3.73,0.653
WFR_0465,LOT_019,999.7,3591,100.64,15.7,217.1,-0.039,4,180,150.58,250.08,414.67,1.19,2.29,0.66
WFR_0466,LOT_019,999.3,3609,100.96,9.65,214.2,-0.0,4,178,149.65,255.2,392.03,1.273,2.34,0.689
WFR_0467,LOT_019,1001.8,3625,100.01,13.35,224.3,0.006,4,176,148.8,240.18,400.2,1.256,3.82,0.656
WFR_0468,LOT_019,1002.3,3606,100.5,15.53,222.1,0.005,3,180,151.15,265.14,407.54,1.231,4.55,0.62
WFR_0469,LOT_019,998.4,3582,100.09,13.18,220.5,-0.007,2,182,151.55,246.46,407.84,1.241,2.45,0.667
WFR_0470,LOT_019,998.3,3607,99.66,14.13,221.9,0.002,2,179,149.96,249.28,404.42,1.239,4.11,0.623
WFR_0471,LOT_019,999.2,3618,101.31,14.63,221.6,0.03,2,171,147.13,238.86,412.52,1.191,5.12,0.669
WFR_0472,LOT_019,993.1,3591,101.15,14.68,226.4,0.008,0,185,151.31,252.92,398.77,1.252,5.88,0.652
WFR_0473,LOT_019,995.5,3598,98.49,15.21,226.5,-0.007,4,181,149.4,243.36,396.33,1.303,3.99,0.664
WFR_0474,LOT_019,1004.1,3600,99.24,10.76,222.7,-0.01,2,178,147.61,250.61,396.53,1.298,4.16,0.662
WFR_0475,LOT_019,1004.9,3588,100.81,12.13,224.2,-0.003,4,183,151.83,246.73,408.58,1.228,2.15,0.649
WFR_0476,LOT_020,999.3,3610,100.8,9.86,222.6,0.033,2,186,150.11,243.53,403.65,1.251,6.2,0.658
WFR_0477,LOT_020,1001.7,3598,99.99,18.91,217.7,-0.004,7,169,145.09,245.17,402.91,1.267,3.18,0.654
WFR_0478,LOT_020,1000.9,3606,101.72,6.58,223.8,-0.0,5,182,150.36,251.35,407.95,1.24,2.91,0.684
WFR_0479,LOT_020,1009.2,3587,99.78,19.61,213.0,-0.01,3,174,148.89,242.31,379.49,1.326,3.44,0.648
WFR_0480,LOT_020,1003.4,3593,101.07,20.55,225.3,0.022,1,182,149.78,245.51,403.1,1.211,5.35,0.647
WFR_0481,LOT_020,999.6,3611,99.55,13.79,214.0,0.039,4,181,150.04,253.98,402.19,1.243,6.37,0.634
WFR_0482,LOT_020,997.1,3594,101.18,4.59,221.4,0.009,1,183,152.72,265.61,416.69,1.159,3.79,0.664
WFR_0483,LOT_020,995.2,3626,101.79,13.55,215.8,0.002,2,178,150.72,252.87,384.71,1.288,4.71,0.69
WFR_0484,LOT_020,1000.6,3594,99.21,14.74,222.8,0.001,2,173,145.39,244.5,415.57,1.187,3.71,0.647
WFR_0485,LOT_020,997.7,3603,99.18,10.96,219.8,-0.048,4,178,149.54,247.8,400.75,1.298,2.83,0.629
WFR_0486,LOT_020,995.7,3614,100.5,12.94,212.0,0.015,5,182,151.16,250.19,404.89,1.23,5.31,0.666
WFR_0487,LOT_020,998.1,3579,98.9,21.12,222.1,0.003,2,184,152.81,247.9,416.76,1.182,3.14,0.631
WFR_0488,LOT_020,996.8,3574,98.94,17.66,217.1,0.009,2,175,147.47,255.42,405.61,1.211,5.39,0.651
WFR_0489,LOT_020,1005.1,3577,100.33,11.3,224.4,-0.014,2,184,153.91,251.3,404.0,1.185,5.08,0.692
WFR_0490,LOT_020,1002.6,3619,98.86,8.61,220.0,-0.008,3,177,146.1,255.45,402.42,1.236,4.28,0.631
WFR_0491,LOT_020,1000.0,3592,99.82,13.69,222.0,-0.008,4,181,150.13,248.11,395.17,1.298,5.8,0.66
WFR_0492,LOT_020,1004.4,3638,100.74,14.15,215.2,0.02,1,178,149.5,257.95,399.72,1.259,6.41,0.648
WFR_0493,LOT_020,1000.2,3592,99.37,16.98,217.1,-0.008,4,181,151.18,249.0,392.84,1.287,3.51,0.641
WFR_0494,LOT_020,997.4,3603,101.11,12.86,217.7,0.042,5,184,153.59,244.17,399.55,1.256,3.0,0.664
WFR_0495,LOT_020,1004.6,3623,99.89,17.05,224.3,0.009,1,175,149.37,263.06,376.64,1.334,2.3,0.646
WFR_0496,LOT_020,1001.6,3630,101.66,22.74,228.4,-0.026,2,177,147.88,239.05,404.29,1.267,6.43,0.707
WFR_0497,LOT_020,996.9,3631,99.87,18.26,216.0,-0.003,3,181,152.35,245.57,398.78,1.235,3.29,0.644
WFR_0498,LOT_020,999.4,3618,100.0,14.81,225.4,-0.013,1,190,153.73,246.24,396.64,1.28,4.87,0.659
WFR_0499,LOT_020,997.4,3615,100.7,14.27,209.2,-0.044,3,177,149.53,265.05,402.2,1.251,3.05,0.629
WFR_0500,LOT_020,995.9,3609,99.9,13.57,214.0,0.032,4,188,156.82,260.84,385.66,1.251,5.39,0.655
WFR_0501,LOT_021,1002.8,3612,101.22,19.72,215.2,0.014,4,188,155.59,258.96,419.29,1.141,3.08,0.682
WFR_0502,LOT_021,1005.7,3592,101.66,12.49,213.2,0.011,3,180,149.63,248.02,398.97,1.22,2.72,0.662
WFR_0503,LOT_021,995.8,3588,98.79,15.18,212.1,0.003,5,179,149.15,264.56,398.54,1.282,3.48,0.598
WFR_0504,LOT_021,1001.7,3600,99.64,15.2,222.1,-0.028,1,177,146.39,252.21,390.35,1.299,3.21,0.645
WFR_0505,LOT_021,998.0,3597,98.57,12.99,218.9,-0.01,4,180,150.62,255.86,400.24,1.203,4.26,0.633
WFR_0506,LOT_021,998.5,3593,98.82,9.51,221.9,0.017,2,174,145.75,251.08,413.87,1.215,3.62,0.647
WFR_0507,LOT_021,998.2,3610,102.89,16.29,223.5,-0.021,1,180,148.08,249.7,410.36,1.204,4.29,0.715
WFR_0508,LOT_021,997.4,3614,101.14,14.76,221.3,-0.051,4,186,150.98,248.49,408.54,1.183,3.41,0.658
WFR_0509,LOT_021,1000.1,3601,98.7,17.0,223.3,-0.005,3,178,148.35,248.74,405.46,1.267,3.11,0.622
WFR_0510,LOT_021,997.5,3622,98.75,12.87,219.7,-0.003,2,179,149.73,253.65,396.41,1.267,3.17,0.617
WFR_0511,LOT_021,1000.8,3583,100.26,19.88,214.1,0.003,2,173,146.96,252.2,385.5,1.311,6.12,0.656
WFR_0512,LOT_021,999.8,3597,100.47,11.49,225.3,0.015,1,181,149.75,249.81,397.99,1.251,601.15,0.663
WFR_0513,LOT_021,999.3,3589,100.23,21.85,217.1,0.013,2,181,152.09,259.06,397.64,1.223,2.23,0.645
WFR_0514,LOT_021,997.3,3572,98.78,8.01,215.3,0.005,4,180,150.06,232.2,410.49,1.182,3.22,0.647
WFR_0515,LOT_021,998.3,3599,99.59,16.74,219.1,0.024,4,179,148.47,253.06,403.09,1.268,3.76,0.652
WFR_0516,LOT_021,1002.3,3598,100.63,16.9,215.4,-0.03,6,179,149.63,254.31,416.12,1.177,5.82,0.658
WFR_0517,LOT_021,1001.5,3623,100.77,11.82,217.9,0.01,1,182,153.8,256.88,411.97,1.191,4.75,0.646
WFR_0518,LOT_021,997.1,3609,97.53,16.7,221.7,0.013,4,180,150.94,249.61,395.44,1.225,2.91,0.613
WFR_0519,LOT_021,1000.3,3585,99.51,20.12,221.7,-0.025,0,181,150.18,251.25,382.05,1.295,6.72,0.608
WFR_0520,LOT_021,1002.3,3628,100.04,6.13,215.5,-0.03,2,181,148.13,255.92,413.86,1.212,3.64,0.654
WFR_0521,LOT_021,995.0,3618,99.79,17.01,217.6,-0.015,2,184,151.96,258.95,413.59,1.197,5.01,0.648
WFR_0522,LOT_021,1001.6,3609,103.4,5.03,225.4,-0.013,2,183,151.03,248.2,386.34,1.337,2.75,0.694
WFR_0523,LOT_021,998.0,3597,100.0,11.14,222.5,0.015,1,181,149.8,251.6,415.09,1.217,2.01,0.658
WFR_0524,LOT_021,1001.7,3586,99.66,21.52,230.4,-0.012,3,186,150.61,260.07,403.82,1.228,2.58,0.652
WFR_0525,LOT_021,997.7,3594,100.47,12.67,225.9,-0.017,5,182,149.47,237.26,401.61,1.255,1.63,0.654
WFR_0526,LOT_022,994.6,3616,100.0,10.3,225.7,-0.012,1,185,154.79,245.86,416.15,1.165,6.22,0.651
WFR_0527,LOT_022,995.1,3628,100.25,14.21,213.1,0.022,2,182,153.31,258.8,413.45,1.227,3.87,0.632
WFR_0528,LOT_022,1000.1,3623,101.09,23.27,223.8,0.0,5,173,144.77,256.56,406.51,1.263,2.91,0.654
WFR_0529,LOT_022,1000.8,3593,102.03,7.67,219.7,-0.004,2,185,153.21,253.13,404.73,1.225,4.11,0.675
WFR_0530,LOT_022,997.3,3583,98.13,10.79,217.2,-0.002,2,181,148.88,247.31,406.16,1.233,3.85,0.616
WFR_0531,LOT_022,1001.9,3602,100.8,20.99,220.8,0.026,4,180,151.84,244.71,396.0,1.289,4.29,0.673
WFR_0532,LOT_022,995.0,3573,97.8,22.43,224.7,-0.015,2,181,151.37,246.45,399.45,1.26,4.96,0.614
WFR_0533,LOT_022,999.8,3605,100.62,14.59,222.5,0.026,2,179,150.61,259.29,390.98,1.315,3.41,0.661
WFR_0534,LOT_022,996.4,3598,98.49,10.04,215.6,0.004,3,181,148.18,246.23,396.67,1.225,2.94,0.634
WFR_0535,LOT_022,998.0,3593,99.15,23.38,223.7,-0.003,4,178,150.0,250.61,396.33,1.274,4.51,0.651
WFR_0536,LOT_022,1000.1,3576,99.25,21.38,216.8,0.05,4,185,152.69,245.48,393.65,1.257,4.48,0.654
WFR_0537,LOT_022,997.4,3608,100.74,17.72,221.1,-0.021,4,180,150.9,255.06,401.37,1.277,3.76,0.669
WFR_0538,LOT_022,998.8,3592,100.59,11.75,218.5,-0.007,5,178,150.49,246.77,396.76,1.292,6.32,0.625
WFR_0539,LOT_022,1003.0,3582,98.86,14.8,218.9,-0.025,2,176,148.48,249.41,405.02,1.235,3.29,0.654
WFR_0540,LOT_022,998.3,3557,98.93,14.36,223.8,0.019,0,181,149.85,239.9,383.78,1.346,2.93,0.66
WFR_0541,LOT_022,1002.5,3600,99.66,16.32,214.8,0.034,3,181,151.61,240.32,398.87,1.285,4.07,0.639
WFR_0542,LOT_022,996.6,3627,98.76,20.8,229.7,0.033,3,182,150.93,250.05,401.32,1.243,3.1,0.639
WFR_0543,LOT_022,1001.6,3625,100.52,18.52,210.9,0.024,2,176,146.53,242.05,396.89,1.322,4.15,0.643
WFR_0544,LOT_022,1004.3,3593,100.2,10.69,217.0,-0.004,3,174,145.38,262.63,398.28,1.27,2.98,0.623
WFR_0545,LOT_022,992.6,3591,101.13,20.51,221.9,-0.007,5,183,148.81,237.63,384.15,1.313,3.32,0.653
WFR_0546,LOT_022,997.6,3607,100.21,16.25,222.9,-0.033,1,186,152.16,245.2,403.56,1.247,5.89,0.644
WFR_0547,LOT_022,1001.7,3585,98.58,17.75,219.5,0.041,2,176,149.88,250.1,406.48,1.217,3.32,0.628
WFR_0548,LOT_022,999.4,3605,99.43,20.87,219.7,0.009,4,186,153.56,247.81,404.94,1.221,3.01,0.629
WFR_0549,LOT_022,1001.1,3611,101.42,10.55,222.1,-0.01,2,181,149.49,243.38,410.39,1.238,4.92,0.656
WFR_0550,LOT_022,998.2,3618,102.18,14.86,218.8,0.027,0,180,150.76,244.25,402.02,1.24,2.82,0.676
WFR_0551,LOT_023,1000.3,3598,98.42,12.87,227.0,-0.019,5,178,148.27,244.06,404.79,1.202,3.09,0.62
WFR_0552,LOT_023,999.5,3597,97.99,8.73,224.2,0.008,0,174,147.78,248.28,401.56,1.258,4.24,0.634
WFR_0553,LOT_023,1003.5,3587,102.13,16.39,224.4,-0.003,2,184,151.28,261.71,406.88,1.205,4.64,0.686
WFR_0554,LOT_023,1000.8,3588,100.26,25.05,215.2,0.013,3,177,149.57,250.47,384.23,1.332,4.98,0.689
WFR_0555,LOT_023,1001.0,3597,99.22,7.64,219.6,-0.001,2,177,146.23,257.1,391.06,1.311,3.04,0.657
WFR_0556,LOT_023,998.8,3606,100.46,14.87,218.5,-0.029,6,184,150.62,253.04,415.87,1.214,4.26,0.659
WFR_0557,LOT_023,998.5,3614,97.42,17.56,215.0,0.002,5,172,144.29,256.68,375.4,1.384,3.27,0.61
WFR_0558,LOT_023,998.7,3588,99.57,15.49,221.8,0.021,3,174,146.65,233.2,398.6,1.287,3.15,0.649
WFR_0559,LOT_023,1001.2,3622,100.95,14.55,217.3,-0.001,4,180,151.59,248.17,411.72,1.185,4.96,0.666
WFR_0560,LOT_023,998.7,3596,100.65,9.8,223.3,0.016,5,181,149.7,257.84,399.07,1.271,3.2,0.65
WFR_0561,LOT_023,1000.9,3600,99.11,15.93,214.6,-0.021,2,182,150.38,246.57,395.95,1.304,3.93,0.651
WFR_0562,LOT_023,1006.2,3589,100.8,11.97,228.6,-0.001,2,179,150.54,260.57,401.29,1.229,3.81,0.639
WFR_0563,LOT_023,1002.6,3564,98.74,6.24,215.5,-0.012,4,190,156.92,258.9,396.47,1.279,2.81,0.631
WFR_0564,LOT_023,999.0,3613,100.37,19.78,221.1,0.015,4,179,149.34,247.19,400.31,1.24,4.67,0.663
WFR_0565,LOT_023,1003.6,3611,99.87,18.83,224.0,0.001,7,179,150.59,246.98,393.17,1.259,4.22,0.644
WFR_0566,LOT_023,998.8,3596,99.32,15.21,217.1,0.014,6,177,146.93,243.92,411.09,1.221,2.23,0.639
WFR_0567,LOT_023,993.9,3601,98.11,15.92,224.3,0.022,4,180,152.69,246.22,414.23,1.199,3.93,0.625
WFR_0568,LOT_023,997.0,3608,100.35,19.3,213.9,0.014,3,182,154.38,242.6,398.67,1.26,3.02,0.642
WFR_0569,LOT_023,994.4,3577,99.55,15.9,227.3,0.005,5,185,153.28,252.57,386.14,1.276,4.83,0.662
WFR_0570,LOT_023,998.9,3592,99.45,18.62,220.1,-0.02,2,174,144.01,241.26,394.76,1.298,2.56,0.628
WFR_0571,LOT_023,1000.1,3612,100.28,13.81,217.0,-0.0,6,179,148.61,253.62,398.16,1.248,3.36,0.658
WFR_0572,LOT_023,1005.0,3581,98.93,20.25,218.5,-0.011,2,182,152.03,253.77,405.06,1.194,4.02,0.643
WFR_0573,LOT_023,1001.0,3604,99.94,16.28,224.0,-0.007,6,182,150.55,240.03,389.92,1.27,3.72,0.635
WFR_0574,LOT_023,999.3,3580,99.44,15.78,217.1,-0.007,3,180,152.03,259.3,392.31,1.26,4.44,0.644
WFR_0575,LOT_023,1002.5,3607,103.13,9.92,216.3,-0.02,2,182,151.34,253.08,405.11,1.236,2.51,0.674
WFR_0576,LOT_024,993.4,3599,97.88,16.15,218.9,-0.039,5,177,147.75,254.5,409.39,1.242,5.55,0.645
WFR_0577,LOT_024,1000.7,3576,101.09,11.67,214.1,-0.013,3,186,152.95,245.45,393.78,1.237,4.18,0.646
WFR_0578,LOT_024,1002.3,3617,101.69,12.45,229.1,0.004,2,184,150.31,253.73,386.67,1.309,5.15,0.661
WFR_0579,LOT_024,995.6,3589,99.39,11.74,217.2,-0.027,2,175,147.16,256.76,432.84,1.104,4.57,0.624
WFR_0580,LOT_024,1003.4,3588,102.03,10.74,224.2,0.0,1,176,146.61,249.41,407.83,1.241,3.66,0.654
WFR_0581,LOT_024,1001.0,3603,100.58,23.5,221.0,0.038,4,176,149.55,262.01,397.33,1.25,2.66,0.681
WFR_0582,LOT_024,998.8,3617,100.55,20.33,215.1,0.02,2,183,154.42,250.26,408.69,1.181,3.19,0.665
WFR_0583,LOT_024,1001.9,3585,99.93,22.68,220.0,0.033,3,175,145.3,256.84,398.76,1.285,5.46,0.651
WFR_0584,LOT_024,1006.8,3601,102.26,10.11,223.9,0.008,2,179,146.0,251.76,408.67,1.216,5.19,0.667
WFR_0585,LOT_024,1000.5,3606,101.31,15.29,219.1,0.023,3,182,150.28,253.51,401.59,1.236,3.14,0.679
WFR_0586,LOT_024,1000.7,3610,99.69,9.83,226.0,-0.014,2,180,147.65,239.97,400.91,1.209,1.81,0.634
WFR_0587,LOT_024,998.6,3603,98.53,12.22,225.1,-0.013,0,181,150.88,252.23,398.86,1.271,3.48,0.644
WFR_0588,LOT_024,997.5,3594,99.3,11.33,224.6,-0.055,2,176,149.13,245.59,385.53,1.327,3.41,0.629
WFR_0589,LOT_024,1002.5,3588,99.33,19.96,217.7,0.024,3,182,153.57,244.92,419.38,1.162,3.45,0.632
WFR_0590,LOT_024,997.4,3601,99.58,13.42,214.6,0.031,1,178,149.16,260.46,390.58,1.26,4.19,0.656
WFR_0591,LOT_024,1000.2,3584,100.95,19.27,216.9,-0.011,2,179,148.87,248.72,386.4,1.332,4.57,0.674
WFR_0592,LOT_024,998.6,3556,98.45,17.42,221.0,-0.005,3,181,147.82,243.98,397.87,1.252,4.7,0.64
WFR_0593,LOT_024,1001.4,3607,100.3,24.21,222.7,-0.015,1,180,150.18,247.85,390.39,1.279,4.1,0.638
WFR_0594,LOT_024,1001.0,3614,100.48,9.08,209.1,0.008,4,180,150.06,242.2,399.48,1.298,2.34,0.649
WFR_0595,LOT_024,1003.1,3565,100.61,20.04,220.0,0.022,1,177,149.34,258.6,406.88,1.21,3.37,0.66
WFR_0596,LOT_024,998.5,3585,97.22,19.59,220.8,-0.035,5,179,148.89,245.83,409.95,1.228,6.53,0.604
WFR_0597,LOT_024,999.2,3609,99.46,11.11,218.6,0.008,1,180,149.46,253.18,408.15,1.23,4.03,0.664
WFR_0598,LOT_024,997.1,3631,100.39,19.03,226.5,-0.006,1,174,144.96,258.14,396.94,1.285,4.02,0.619
WFR_0599,LOT_024,998.7,3600,101.01,16.34,222.1,0.002,5,178,145.44,247.0,400.5,1.267,4.01,0.65
WFR_0600,LOT_024,1001.1,3589,99.46,14.09,226.6,0.009,0,182,149.22,253.19,404.08,1.244,4.07,0.636
WFR_0601,LOT_025,1002.3,3597,98.41,11.7,218.9,-0.004,2,175,145.41,243.82,382.42,1.34,2.02,0.588
WFR_0602,LOT_025,997.2,3621,100.62,12.12,224.7,-0.002,2,185,152.69,264.67,405.71,1.218,3.46,0.636
WFR_0603,LOT_025,1002.6,3590,99.56,23.2,228.2,-0.004,4,185,151.85,255.62,385.43,1.333,3.63,0.654
WFR_0604,LOT_025,1004.1,3588,99.18,15.0,226.6,0.019,2,175,146.87,248.84,420.4,1.152,5.05,0.641
WFR_0605,LOT_025,1001.2,3593,99.42,18.13,214.5,0.008,4,185,151.36,245.36,395.95,1.283,3.71,0.667
WFR_0606,LOT_025,1005.6,3586,100.37,11.84,218.7,0.004,5,179,144.79,249.32,398.15,1.289,2.43,0.678
WFR_0607,LOT_025,997.7,3602,99.08,11.88,218.3,-0.025,2,182,153.28,247.96,392.3,1.285,4.09,0.646
WFR_0608,LOT_025,996.3,3624,97.72,19.33,222.4,-0.008,3,178,147.96,261.72,393.7,1.304,3.0,0.627
WFR_0609,LOT_025,994.7,3605,100.19,9.6,223.4,0.018,4,184,151.19,242.65,422.74,1.154,2.71,0.653
WFR_0610,LOT_025,1004.5,3596,101.87,13.34,215.8,0.001,5,182,148.26,250.81,409.4,1.18,2.98,0.633
WFR_0611,LOT_025,1002.0,3596,100.86,15.14,220.3,0.013,2,177,149.66,249.89,384.51,1.312,4.2,0.639
WFR_0612,LOT_025,999.8,3577,98.37,15.45,209.9,0.035,4,175,148.21,249.3,415.04,1.175,5.03,0.632
WFR_0613,LOT_025,1000.8,3613,100.19,14.28,227.2,0.021,4,174,145.8,249.35,411.93,1.2,4.14,0.662
WFR_0614,LOT_025,996.6,3599,99.46,16.58,217.4,0.002,2,181,149.89,249.3,397.19,1.237,4.3,0.648
WFR_0615,LOT_025,1007.3,3597,101.65,17.77,220.3,-0.01,3,182,153.33,255.24,403.07,1.218,4.13,0.656
WFR_0616,LOT_025,1000.4,3648,101.68,17.94,218.5,-0.051,0,183,150.86,253.65,399.85,1.236,3.76,0.684
WFR_0617,LOT_025,1000.3,3604,99.4,11.06,225.7,-0.003,7,180,149.61,252.51,419.73,1.125,4.37,0.665
WFR_0618,LOT_025,1002.2,3589,100.18,13.86,205.8,-0.007,0,175,146.24,231.8,392.04,1.307,2.0,0.666
WFR_0619,LOT_025,1001.4,3594,100.55,19.78,219.9,0.008,0,177,145.68,251.8,401.46,1.302,3.77,0.671
WFR_0620,LOT_025,1000.7,3617,101.9,18.58,219.5,-0.003,1,185,151.68,240.07,395.72,1.274,2.83,0.664
WFR_0621,LOT_025,997.6,3602,100.38,9.51,217.7,-0.006,1,178,149.44,253.88,385.67,1.305,4.91,0.671
WFR_0622,LOT_025,1001.4,3578,100.57,16.41,228.6,-0.036,0,181,151.82,258.85,421.92,1.156,3.54,0.659
WFR_0623,LOT_025,1005.6,3614,101.21,7.09,215.6,-0.019,1,176,144.23,244.44,388.18,1.306,3.7,0.672
WFR_0624,LOT_025,1004.0,3590,101.82,15.19,223.9,0.01,5,181,148.62,248.43,402.2,1.247,2.52,0.677
WFR_0625,LOT_025,1004.8,3628,101.69,22.59,221.8,0.034,0,178,147.88,246.4,382.59,1.325,4.73,0.668
WFR_0626,LOT_026,998.5,3616,99.23,11.21,226.3,-0.002,6,184,152.24,257.41,396.01,1.242,4.29,0.628
WFR_0627,LOT_026,997.0,3593,100.82,11.66,216.7,0.007,3,183,151.16,250.57,404.22,1.263,4.22,0.659
WFR_0628,LOT_026,999.6,3619,101.03,18.06,216.3,0.019,4,178,148.62,260.37,391.75,1.257,2.99,0.677
WFR_0629,LOT_026,1000.2,3601,99.6,8.83,225.5,-0.016,0,179,150.44,252.48,405.87,1.24,3.02,0.639
WFR_0630,LOT_026,1003.3,3613,100.27,12.47,222.1,0.007,7,178,147.49,251.45,397.31,1.266,3.88,0.667
WFR_0631,LOT_026,994.9,3607,99.68,17.39,212.3,-0.015,4,174,148.63,250.41,411.6,1.246,3.08,0.657
WFR_0632,LOT_026,1004.6,3587,100.9,12.46,217.3,0.017,0,177,148.76,254.91,413.62,1.206,4.09,0.656
WFR_0633,LOT_026,999.5,3590,99.93,14.06,221.9,0.003,2,181,149.93,239.57,394.13,1.266,2.14,0.67
WFR_0634,LOT_026,998.7,3615,100.43,17.98,224.2,0.006,8,181,152.97,250.51,400.77,1.233,3.25,0.65
WFR_0635,LOT_026,997.0,3595,101.14,16.69,216.6,-0.016,3,181,152.4,249.58,401.83,1.236,5.75,0.686
WFR_0636,LOT_026,995.0,3594,100.21,16.07,205.4,0.014,2,179,150.75,254.35,406.19,1.2,4.1,0.659
WFR_0637,LOT_026,1002.5,3586,100.27,13.64,222.6,0.042,3,184,147.28,248.87,400.14,1.242,3.83,0.653
WFR_0638,LOT_026,1000.2,3606,101.1,16.48,213.9,-0.02,4,180,152.28,243.77,401.9,1.2,6.03,0.65
WFR_0639,LOT_026,996.1,3631,99.01,14.51,209.9,-0.007,1,183,152.8,250.04,397.57,1.233,2.05,0.637
WFR_0640,LOT_026,996.1,3584,99.49,16.83,205.8,0.005,5,173,149.56,243.5,401.15,1.249,2.99,0.641
WFR_0641,LOT_026,999.0,3600,101.67,13.01,224.1,0.016,1,164,143.68,238.45,412.98,1.223,3.32,0.651
WFR_0642,LOT_026,1005.0,3621,100.96,14.27,220.6,-0.011,5,181,152.74,254.36,406.46,1.176,4.55,0.658
WFR_0643,LOT_026,999.2,3599,99.01,11.04,218.9,-0.057,2,174,148.67,253.47,407.01,1.223,4.57,0.626
WFR_0644,LOT_026,995.5,3607,98.81,14.86,226.9,0.027,1,179,151.84,252.8,407.23,1.227,2.95,0.644
WFR_0645,LOT_026,999.3,3584,98.48,11.76,223.2,0.015,0,179,152.69,257.82,398.46,1.245,4.71,0.651
WFR_0646,LOT_026,999.2,3606,99.22,10.54,228.1,-0.035,2,186,153.66,246.01,403.19,1.214,3.32,0.622
WFR_0647,LOT_026,991.9,3597,98.36,16.03,213.0,-0.012,1,182,148.77,241.41,389.15,1.289,4.97,0.656
WFR_0648,LOT_026,999.8,3615,98.87,15.85,219.8,0.031,2,181,150.1,249.58,412.69,1.188,2.83,0.634
WFR_0649,LOT_026,999.3,3618,100.27,18.13,211.9,0.029,0,183,152.21,247.91,372.17,1.342,3.56,0.639
WFR_0650,LOT_026,1002.1,3639,101.99,13.28,218.9,0.019,3,181,150.45,244.95,399.13,1.256,3.25,0.685
WFR_0651,LOT_027,1023.8,3609,104.87,16.63,218.8,-0.004,6,203,162.01,249.52,411.41,1.55,4.78,0.707
WFR_0652,LOT_027,1019.1,3605,103.32,17.2,223.1,0.002,2,213,165.95,246.33,386.36,1.654,3.22,0.693
WFR_0653,LOT_027,1015.1,3603,101.68,16.78,220.2,-0.003,0,199,161.8,238.98,404.0,1.594,3.63,0.652
WFR_0654,LOT_027,1010.5,3595,103.67,11.7,223.1,0.023,2,209,161.75,247.35,393.19,1.634,4.16,0.674
WFR_0655,LOT_027,1023.6,3605,103.7,15.6,223.5,-0.018,1,196,157.96,243.18,396.31,1.573,4.21,0.701
WFR_0656,LOT_027,1018.3,3596,102.2,16.46,230.8,-0.016,6,208,162.65,251.39,409.46,1.535,4.58,0.67
WFR_0657,LOT_027,1016.9,3603,103.72,15.03,218.4,0.02,4,206,159.86,246.06,401.98,1.519,3.87,0.692
WFR_0658,LOT_027,1017.6,3620,102.66,6.65,215.3,-0.001,1,213,165.61,256.67,379.66,1.658,3.31,0.676
WFR_0659,LOT_027,1019.6,3585,103.97,15.64,221.2,0.028,2,199,156.84,259.62,390.24,1.72,3.36,0.72
WFR_0660,LOT_027,1017.0,3617,102.19,23.85,216.0,-0.013,5,205,161.63,254.08,409.75,1.634,3.69,0.695
WFR_0661,LOT_027,1014.0,3620,103.64,13.56,227.4,-0.001,2,201,159.61,240.69,404.49,1.617,3.91,0.675
WFR_0662,LOT_027,1016.3,3598,102.56,12.09,218.6,-0.018,3,202,161.87,259.03,417.48,1.573,3.54,0.673
WFR_0663,LOT_027,1016.1,3568,102.81,16.49,217.2,0.0,2,207,161.11,259.45,416.83,1.509,3.69,0.696
WFR_0664,LOT_027,1015.8,3591,103.71,16.25,217.6,-0.03,1,195,157.87,250.11,396.58,1.604,2.51,0.704
WFR_0665,LOT_027,1018.5,3619,102.27,19.77,223.6,-0.01,5,201,160.19,257.94,425.03,1.492,4.34,0.677
WFR_0666,LOT_027,1017.8,3600,103.68,9.97,219.2,-0.029,3,210,165.41,246.69,400.24,1.576,3.84,0.677
WFR_0667,LOT_027,1020.8,3585,101.69,17.93,216.8,0.014,3,202,160.3,238.8,390.37,1.663,4.71,0.66
WFR_0668,LOT_027,1025.4,3592,102.82,17.36,228.3,0.014,2,204,160.05,245.44,393.66,1.669,3.67,0.676
WFR_0669,LOT_027,1008.9,3613,100.94,14.43,215.7,-0.035,5,205,161.03,260.38,377.43,1.742,2.38,0.665
WFR_0670,LOT_027,1019.1,3608,103.42,16.35,220.2,0.027,2,203,159.41,241.05,416.07,1.527,3.35,0.717
WFR_0671,LOT_027,1021.6,3596,103.2,19.12,223.3,0.05,2,206,162.86,250.0,415.95,1.499,3.49,0.678
WFR_0672,LOT_027,1014.1,3594,101.87,18.49,211.8,0.001,2,205,164.04,250.2,389.84,1.638,4.42,0.657
WFR_0673,LOT_027,1016.0,3594,102.4,10.43,222.4,-0.013,0,212,164.86,246.92,397.72,1.615,2.19,0.677
WFR_0674,LOT_027,1018.7,3586,103.0,18.28,214.7,0.056,3,194,156.99,247.34,400.96,1.554,3.71,0.701
WFR_0675,LOT_027,1016.2,3624,103.45,14.74,224.1,-0.026,5,209,161.84,250.43,390.4,1.665,4.17,0.67
WFR_0676,LOT_028,1014.1,3595,102.9,15.29,215.2,0.0,2,203,160.92,246.63,382.45,1.728,3.11,0.707
WFR_0677,LOT_028,1013.3,3618,103.82,15.29,223.5,0.004,2,209,164.38,241.47,397.9,1.614,3.74,0.693
WFR_0678,LOT_028,1024.7,3623,104.14,14.4,225.5,0.027,4,206,160.58,251.29,396.79,1.589,3.14,0.689
WFR_0679,LOT_028,1021.1,3615,103.05,19.77,224.3,0.007,5,193,155.62,256.44,396.12,1.675,3.06,0.663
WFR_0680,LOT_028,1020.4,3594,103.43,14.67,221.3,-0.01,4,204,162.3,255.22,402.23,1.615,3.31,0.702
WFR_0681,LOT_028,1019.5,3606,102.12,10.52,218.8,-0.019,2,205,158.67,245.14,414.3,1.544,3.07,0.673
WFR_0682,LOT_028,1014.5,3600,101.62,13.43,217.1,-0.007,2,203,162.61,242.49,396.97,1.566,4.35,0.672
WFR_0683,LOT_028,1013.3,3586,102.52,15.71,227.4,-0.02,2,207,163.62,248.29,401.7,1.593,3.05,0.667
WFR_0684,LOT_028,1021.0,3605,103.15,19.92,216.5,0.001,2,213,166.68,259.41,407.27,1.562,2.93,0.683
WFR_0685,LOT_028,1013.4,3582,100.69,17.41,214.8,-0.011,2,202,160.49,253.87,405.54,1.575,5.71,0.651
WFR_0686,LOT_028,1014.6,3618,101.35,11.6,223.3,-0.03,3,205,160.24,254.22,393.86,1.632,4.67,0.665
WFR_0687,LOT_028,1017.2,3593,102.48,24.94,216.0,0.025,5,210,165.32,255.34,400.96,1.588,2.3,0.67
WFR_0688,LOT_028,1015.4,3603,103.28,16.06,215.2,-0.01,3,204,161.45,252.52,405.48,1.583,3.03,0.666
WFR_0689,LOT_028,1023.5,3604,104.51,20.1,212.8,-0.025,3,197,157.56,250.72,388.72,1.655,3.9,0.745
WFR_0690,LOT_028,1018.2,3596,102.74,14.39,217.6,-0.003,5,207,164.47,253.97,412.64,1.612,3.98,0.662
WFR_0691,LOT_028,1014.7,3609,103.99,17.13,219.6,0.001,4,203,161.8,246.72,414.32,1.554,2.53,0.701
WFR_0692,LOT_028,1022.5,3593,103.15,18.36,221.2,-0.035,1,208,165.5,241.51,392.77,1.754,4.9,0.661
WFR_0693,LOT_028,1013.4,3613,102.17,19.87,224.8,0.007,2,199,159.29,254.34,401.94,1.617,4.51,0.646
WFR_0694,LOT_028,1018.3,3580,100.29,19.23,222.6,-0.021,1,204,161.1,257.43,406.42,1.582,4.14,0.655
WFR_0695,LOT_028,1020.8,3602,102.8,18.49,219.0,0.034,5,202,160.26,243.29,394.54,1.633,5.15,0.686
WFR_0696,LOT_028,1015.0,3629,103.51,13.74,219.0,0.01,0,192,156.04,254.93,404.82,1.561,4.11,0.711
WFR_0697,LOT_028,1016.1,3585,103.36,12.71,222.6,-0.008,5,199,160.13,260.08,401.63,1.589,4.1,0.696
WFR_0698,LOT_028,1017.7,3590,101.79,16.33,226.4,-0.015,4,203,159.4,249.99,385.32,1.618,5.42,0.669
WFR_0699,LOT_028,1021.9,3608,103.81,18.73,220.6,-0.002,3,209,163.57,245.09,404.59,1.602,4.83,0.682
WFR_0700,LOT_028,1016.9,3603,103.43,14.11,217.7,0.012,3,200,161.43,250.74,389.0,1.604,2.97,0.714
WFR_0701,LOT_029,1016.4,3605,102.58,19.26,215.0,-0.001,3,199,158.49,246.7,409.39,1.58,4.3,0.695
WFR_0702,LOT_029,1022.2,3607,101.64,20.81,212.8,-0.004,1,203,162.26,246.3,393.29,1.688,3.11,0.651
WFR_0703,LOT_029,1017.8,3610,103.06,11.33,223.3,0.001,1,208,163.85,252.6,398.39,1.61,4.16,0.687
WFR_0704,LOT_029,1012.3,3617,102.78,11.65,222.9,-0.012,2,204,162.4,240.38,413.72,1.653,4.13,0.686
WFR_0705,LOT_029,1014.1,3606,101.47,14.44,222.9,-0.007,3,215,166.2,241.34,404.96,1.488,2.6,0.663
WFR_0706,LOT_029,1018.8,3596,102.54,16.23,219.4,-0.042,3,208,162.65,250.12,389.21,1.665,3.56,0.692
WFR_0707,LOT_029,1013.8,3610,101.34,12.9,227.0,0.019,3,204,161.99,249.87,389.85,1.634,3.92,0.679
WFR_0708,LOT_029,1023.6,3628,102.05,20.41,217.6,0.006,4,213,164.04,252.06,394.01,1.657,3.29,0.672
WFR_0709,LOT_029,1011.7,3598,102.54,16.7,224.8,-0.015,5,204,161.03,261.25,403.95,1.499,3.97,0.676
WFR_0710,LOT_029,1024.6,3585,103.39,15.16,219.8,0.038,2,202,160.75,250.63,403.58,1.549,4.49,0.713
WFR_0711,LOT_029,1019.6,3617,104.55,9.26,217.0,0.002,2,200,161.24,253.59,391.57,1.672,3.64,0.719
WFR_0712,LOT_029,1014.7,3598,102.85,9.74,223.0,-0.021,3,212,165.98,244.15,388.33,1.709,3.88,0.685
WFR_0713,LOT_029,1013.6,3567,101.11,16.12,222.0,0.017,2,205,163.27,254.61,402.82,1.607,5.19,0.639
WFR_0714,LOT_029,1018.5,3613,102.96,6.47,221.8,0.008,4,205,163.23,246.84,398.18,1.558,4.13,0.691
WFR_0715,LOT_029,1021.5,3592,103.52,19.05,220.4,0.008,5,206,161.26,250.43,421.57,1.506,3.86,0.703
WFR_0716,LOT_029,1019.6,3599,103.69,14.37,219.8,-0.009,4,204,161.18,249.35,400.37,1.659,2.89,0.653
WFR_0717,LOT_029,1017.9,3605,103.05,27.97,231.9,0.009,4,202,163.38,256.2,418.14,1.495,4.34,0.69
WFR_0718,LOT_029,1017.4,3603,103.55,24.23,225.9,-0.005,5,206,162.43,242.14,388.3,1.632,3.99,0.686
WFR_0719,LOT_029,1015.8,3611,102.35,14.27,223.6,0.011,2,202,162.1,236.3,384.27,1.731,5.06,0.675
WFR_0720,LOT_029,1018.2,3593,101.8,14.57,220.6,-0.038,5,210,165.73,248.72,388.8,1.707,3.71,0.658
WFR_0721,LOT_029,1000.9,3608,102.25,18.98,225.0,-0.009,1,177,146.98,252.81,411.89,1.193,2.33,0.704
WFR_0722,LOT_029,994.9,3596,98.65,21.81,222.6,0.034,2,179,151.0,250.91,417.56,1.173,2.4,0.612
WFR_0723,LOT_029,996.0,3611,98.56,8.45,220.1,-0.015,3,183,151.36,257.39,392.18,1.307,4.41,0.616
WFR_0724,LOT_029,1002.2,3609,102.0,7.85,218.5,-0.012,3,177,147.74,252.62,395.39,1.262,3.18,0.659
WFR_0725,LOT_029,1000.5,3586,101.76,12.51,219.6,-0.009,3,178,147.29,246.62,388.31,1.302,4.09,0.657
WFR_0726,LOT_030,999.4,3616,100.25,17.33,204.1,-0.024,2,182,149.98,236.05,381.88,1.328,3.78,0.658
WFR_0727,LOT_030,1000.1,3592,100.86,16.99,221.1,-0.044,5,177,148.59,248.58,407.18,1.206,3.52,0.652
WFR_0728,LOT_030,1001.0,3612,101.74,19.28,217.6,-0.005,3,178,146.91,256.17,402.23,1.242,3.58,0.702
WFR_0729,LOT_030,998.4,3606,99.12,10.2,228.0,0.003,2,182,152.78,247.65,400.1,1.243,2.96,0.668
WFR_0730,LOT_030,997.7,3628,99.72,5.74,220.1,-0.001,3,188,153.36,250.17,386.0,1.297,3.65,0.646
WFR_0731,LOT_030,1000.6,3597,101.25,18.43,214.1,-0.003,6,182,150.74,252.53,416.4,1.208,3.17,0.694
WFR_0732,LOT_030,997.1,3595,101.14,11.69,219.8,0.001,8,182,148.71,243.91,394.97,1.305,3.34,0.686
WFR_0733,LOT_030,1001.2,3600,100.74,6.93,214.8,0.02,3,182,150.89,253.74,405.34,1.209,3.38,0.652
WFR_0734,LOT_030,994.9,3595,98.26,15.58,222.4,-0.004,0,176,147.71,259.82,385.45,1.317,3.47,0.599
WFR_0735,LOT_030,1003.1,3612,102.69,18.17,221.5,-0.011,5,180,149.62,248.96,398.09,1.272,4.62,0.679
WFR_0736,LOT_030,1001.4,3576,99.2,14.51,224.8,-0.006,3,180,152.31,243.23,402.91,1.262,3.55,0.631
WFR_0737,LOT_030,1000.8,3584,99.46,13.17,216.0,0.012,4,181,151.02,249.6,403.27,1.248,4.74,0.647
WFR_0738,LOT_030,1002.9,3584,100.46,14.36,220.2,0.028,3,180,148.95,236.65,401.55,1.253,5.39,0.657
WFR_0739,LOT_030,1005.0,3614,102.59,13.52,213.2,-0.013,2,182,149.17,252.02,404.95,1.246,4.54,0.682
WFR_0740,LOT_030,1003.0,3626,101.82,9.61,223.5,0.002,3,179,149.91,252.71,388.69,1.309,4.19,0.68
WFR_0741,LOT_030,994.5,3598,99.56,12.14,222.6,0.007,1,180,152.15,260.05,401.97,1.217,3.98,0.626
WFR_0742,LOT_030,996.2,3597,99.84,17.09,222.5,-0.02,3,175,148.0,248.84,401.14,1.255,4.56,0.654
WFR_0743,LOT_030,998.1,3601,99.78,16.29,220.0,0.0,0,179,150.44,252.45,402.32,1.269,3.75,0.641
WFR_0744,LOT_030,1000.1,3617,100.92,15.67,222.1,-0.029,1,186,153.51,244.83,400.72,1.232,4.69,0.664
WFR_0745,LOT_030,1001.6,3586,97.43,11.02,228.0,-0.035,3,181,153.28,247.86,387.27,1.294,4.28,0.633
WFR_0746,LOT_030,997.8,3604,99.45,14.27,218.6,0.007,1,180,147.14,240.85,386.82,1.306,3.35,0.625
WFR_0747,LOT_030,1000.6,3615,100.62,6.29,220.7,-0.008,0,188,154.67,248.83,377.86,1.278,4.59,0.653
WFR_0748,LOT_030,997.7,3608,98.66,15.71,214.6,0.004,0,175,149.02,248.17,408.18,1.221,3.75,0.632
WFR_0749,LOT_030,998.2,3603,100.17,20.72,215.7,-0.0,4,176,145.74,251.8,408.28,1.236,3.57,0.644
WFR_0750,LOT_030,995.8,3615,99.46,9.1,220.5,-0.02,3,187,152.2,246.26,408.44,1.199,3.26,0.657
WFR_0751,LOT_031,997.2,3559,100.53,12.66,225.5,-0.001,4,180,148.71,250.5,403.07,1.219,3.82,0.646
WFR_0752,LOT_031,995.9,3610,101.17,16.32,218.7,-0.025,7,179,148.19,248.0,378.67,1.323,4.71,0.656
WFR_0753,LOT_031,997.1,3590,98.9,20.01,218.8,0.028,3,175,147.1,248.01,389.73,1.315,4.58,0.626
WFR_0754,LOT_031,1003.2,3573,99.77,13.21,218.0,-0.027,1,182,151.3,250.48,401.7,1.279,4.01,0.664
WFR_0755,LOT_031,997.2,3608,99.65,12.23,217.3,-0.004,3,182,152.46,250.24,401.36,1.265,4.26,0.638
WFR_0756,LOT_031,1007.9,3621,101.15,7.12,221.5,-0.021,3,176,149.2,254.57,397.77,1.234,5.04,0.671
WFR_0757,LOT_031,1001.5,3598,100.38,15.41,212.5,0.011,2,179,148.39,249.28,403.69,1.257,3.53,0.684
WFR_0758,LOT_031,1000.6,3614,99.61,23.17,226.4,-0.007,7,179,148.14,247.9,400.12,1.242,2.78,0.644
WFR_0759,LOT_031,997.4,3624,98.97,16.11,216.7,-0.01,2,181,152.69,248.92,401.21,1.225,5.08,0.654
WFR_0760,LOT_031,1002.1,3620,101.33,14.91,223.6,0.017,4,176,148.47,245.71,393.61,1.271,3.21,0.691
WFR_0761,LOT_031,998.3,3625,100.86,16.29,213.7,0.001,3,185,152.46,247.84,409.82,1.217,3.09,0.676
WFR_0762,LOT_031,1000.4,3611,99.47,14.96,223.3,0.01,2,184,152.65,262.19,395.69,1.278,2.34,0.643
WFR_0763,LOT_031,1007.7,3601,102.07,11.75,223.4,-0.02,0,179,148.81,244.52,386.69,1.305,4.23,0.684
WFR_0764,LOT_031,999.7,3576,98.84,18.29,221.9,-0.028,7,179,150.59,248.33,392.29,1.277,2.45,0.617
WFR_0765,LOT_031,1003.4,3596,100.7,15.9,215.0,0.002,5,179,149.08,247.68,396.52,1.276,3.04,0.647
WFR_0766,LOT_031,997.9,3587,100.25,15.07,221.2,-0.006,5,177,148.8,248.52,409.94,1.225,4.25,0.644
WFR_0767,LOT_031,999.9,3633,100.6,11.1,214.1,0.013,1,178,146.73,248.01,399.58,1.285,4.4,0.691
WFR_0768,LOT_031,1005.3,3597,101.2,20.21,218.7,-0.002,4,179,148.19,251.68,398.14,1.237,3.12,0.652
WFR_0769,LOT_031,998.1,3602,99.24,17.66,225.1,0.004,4,186,152.36,239.74,387.51,1.293,3.55,0.628
WFR_0770,LOT_031,1005.4,3608,100.78,12.79,224.0,-0.032,2,184,151.17,256.22,407.85,1.194,2.95,0.644
WFR_0771,LOT_031,1002.1,3601,100.13,19.01,220.1,0.038,1,184,150.45,253.8,393.48,1.274,3.2,0.66
WFR_0772,LOT_031,998.3,3625,99.51,13.01,215.1,-0.003,4,181,150.04,242.54,399.0,1.249,3.92,0.646
WFR_0773,LOT_031,1001.9,3591,99.92,11.87,223.2,0.014,5,176,145.51,236.39,414.8,1.203,3.24,0.665
WFR_0774,LOT_031,1002.9,3603,98.95,11.96,220.1,-0.017,5,180,150.95,244.14,405.09,1.211,3.45,0.647
WFR_0775,LOT_031,1001.9,3589,99.57,7.92,208.4,0.006,2,184,151.9,248.54,383.72,1.28,2.54,0.624
WFR_0776,LOT_032,995.3,3580,98.61,16.89,223.9,-0.026,6,175,145.2,265.48,382.3,1.293,4.87,0.621
WFR_0777,LOT_032,997.8,3591,99.23,7.68,219.9,0.009,3,183,150.17,253.26,399.36,1.249,562.46,0.661
WFR_0778,LOT_032,999.3,3599,99.64,10.09,226.0,-0.007,4,189,155.22,239.15,387.87,1.274,4.47,0.643
WFR_0779,LOT_032,999.8,3594,99.78,6.7,214.5,0.001,4,184,151.35,245.86,406.49,1.206,5.07,0.665
WFR_0780,LOT_032,1001.9,3590,100.55,14.66,204.1,0.014,2,186,151.67,249.68,400.42,1.27,2.99,0.654
WFR_0781,LOT_032,1000.5,3579,100.53,14.4,221.4,-0.025,10,181,150.22,251.52,401.65,1.226,3.35,0.642
WFR_0782,LOT_032,996.0,3599,98.72,13.69,221.5,-0.014,4,184,152.71,242.11,392.93,1.298,2.28,0.63
WFR_0783,LOT_032,1001.1,3577,98.52,10.83,211.5,0.009,3,177,146.71,249.19,417.41,1.223,8.05,0.618
WFR_0784,LOT_032,1001.8,3611,99.46,10.31,215.1,0.042,0,183,152.52,245.69,428.43,1.09,3.53,0.635
WFR_0785,LOT_032,1001.7,3601,99.79,16.86,233.8,-0.003,2,183,150.15,243.38,397.21,1.263,4.76,0.65
WFR_0786,LOT_032,1003.2,3578,99.7,12.8,218.5,0.012,2,181,150.61,251.56,403.53,1.226,2.69,0.654
WFR_0787,LOT_032,1002.5,3595,99.51,16.27,223.7,-0.002,1,185,152.68,254.64,400.97,1.18,4.71,0.62
WFR_0788,LOT_032,1001.4,3589,98.68,11.46,216.7,0.039,4,178,148.39,255.05,397.4,1.236,5.84,0.634
WFR_0789,LOT_032,999.8,3605,99.61,15.72,209.5,-0.035,4,179,148.17,438.1,391.68,1.304,3.61,0.636
WFR_0790,LOT_032,995.0,3620,99.84,20.21,219.1,0.002,2,180,149.8,247.02,389.15,1.334,2.85,0.638
WFR_0791,LOT_032,1001.3,3572,100.23,17.34,218.7,-0.033,3,176,150.33,254.29,388.64,1.312,3.54,0.655
WFR_0792,LOT_032,1000.6,3602,99.57,13.35,218.0,-0.05,6,181,148.5,251.85,404.05,1.245,2.1,0.637
WFR_0793,LOT_032,1000.8,3598,99.66,16.03,219.4,0.006,2,173,149.17,250.8,394.8,1.273,3.63,0.667
WFR_0794,LOT_032,996.2,3610,98.7,14.04,221.3,0.003,2,184,151.96,246.33,374.22,1.381,4.51,0.652
WFR_0795,LOT_032,996.8,3603,99.55,15.03,219.2,-0.006,4,180,150.24,247.02,404.45,1.274,3.64,0.662
WFR_0796,LOT_032,1003.2,3589,99.4,13.7,213.7,-0.002,5,178,147.45,250.44,399.62,1.247,3.42,0.635
WFR_0797,LOT_032,999.9,3595,100.46,14.34,222.4,0.062,2,177,147.08,264.64,413.47,1.165,4.19,0.641
WFR_0798,LOT_032,1002.0,3588,98.28,15.85,210.3,-0.005,2,179,149.12,251.81,403.73,1.196,4.27,0.631
WFR_0799,LOT_032,1000.1,3616,99.98,11.03,209.7,0.01,4,183,149.81,246.33,385.21,1.336,2.42,0.647
WFR_0800,LOT_032,1000.1,3600,100.32,10.94,223.7,-0.013,39,182,150.72,245.01,377.7,1.336,3.75,0.645
WFR_0801,LOT_033,1002.8,3629,101.18,9.45,222.5,0.006,42,177,147.74,247.05,392.81,2.0,141.89,0.646
WFR_0802,LOT_033,998.5,3599,102.44,8.6,219.7,-0.005,40,177,150.6,263.06,393.75,1.237,2.63,0.679
WFR_0803,LOT_033,1000.3,3589,100.18,10.13,213.0,-0.008,37,183,149.53,247.6,409.43,1.199,3.59,0.646
WFR_0804,LOT_033,998.6,3577,98.33,15.64,216.5,0.036,38,177,149.04,255.44,399.91,2.927,135.15,0.64
WFR_0805,LOT_033,998.7,3573,99.17,11.43,218.7,0.024,36,180,150.66,247.74,411.34,1.207,4.84,0.65
WFR_0806,LOT_033,999.1,3576,97.61,17.05,212.0,0.003,37,180,149.12,251.57,386.75,1.298,3.23,0.638
WFR_0807,LOT_033,1000.7,3604,100.1,15.14,216.3,-0.046,42,181,151.63,254.75,409.65,1.186,3.86,0.632
WFR_0808,LOT_033,998.6,3608,99.1,7.13,223.3,-0.007,47,183,151.3,246.57,407.21,1.202,3.67,0.645
WFR_0809,LOT_033,1003.8,3576,101.01,17.62,227.1,0.054,46,175,143.53,246.15,379.82,2.967,68.93,0.651
WFR_0810,LOT_033,997.3,3613,99.32,18.24,217.9,-0.005,50,172,147.3,259.95,413.23,1.21,3.6,0.623
WFR_0811,LOT_033,999.4,3593,99.65,11.02,223.8,0.022,40,178,147.26,255.91,400.93,1.267,3.42,0.639
WFR_0812,LOT_033,998.7,3602,99.21,16.68,210.4,0.029,58,187,152.19,254.74,403.92,2.987,81.07,0.657
WFR_0813,LOT_033,1004.3,3624,102.87,11.57,223.3,0.004,43,188,154.5,254.72,391.35,2.91,102.37,0.679
WFR_0814,LOT_033,1000.6,3613,100.04,15.39,216.0,-0.017,43,187,153.13,252.76,412.75,1.179,2.67,0.674
WFR_0815,LOT_033,1003.1,3596,102.22,9.94,221.5,-0.049,43,179,150.55,262.11,388.14,1.278,3.63,0.685
WFR_0816,LOT_033,995.5,3587,99.88,7.83,218.8,0.014,58,173,148.28,250.26,408.32,1.229,5.63,0.643
WFR_0817,LOT_033,1000.8,3568,99.96,13.47,226.6,-0.016,50,171,144.36,253.46,408.21,1.3,3.75,0.667
WFR_0818,LOT_033,1002.7,3589,100.55,14.51,215.6,0.004,41,178,149.85,241.29,390.26,1.303,3.38,0.663
WFR_0819,LOT_033,1000.2,3597,100.37,13.41,223.1,-0.025,38,179,148.4,245.05,419.83,2.061,118.2,0.64
WFR_0820,LOT_033,1003.2,3585,98.26,10.26,218.6,-0.005,44,185,156.3,242.8,402.32,1.233,3.53,0.657
WFR_0821,LOT_033,998.4,3598,99.45,13.4,219.2,0.001,45,183,150.81,257.64,406.54,2.279,145.36,0.647
WFR_0822,LOT_033,1004.2,3601,101.5,16.08,219.1,0.005,38,181,151.69,234.68,384.73,1.313,3.67,0.668
WFR_0823,LOT_033,1006.9,3597,100.92,14.82,215.8,-0.022,34,176,149.3,247.59,421.18,1.203,4.37,0.648
WFR_0824,LOT_033,998.9,3590,98.24,15.73,219.9,0.024,26,176,148.91,232.04,387.75,1.339,3.04,0.647
WFR_0825,LOT_033,998.7,3603,99.8,12.32,219.7,-0.012,37,181,149.54,245.01,410.25,2.527,74.33,0.655
WFR_0826,LOT_034,1004.4,3607,102.49,19.69,221.2,-0.033,37,183,150.67,247.05,390.05,1.293,3.93,0.689
WFR_0827,LOT_034,1004.7,3584,101.63,10.3,220.4,-0.002,29,182,147.23,258.31,393.81,2.067,105.52,0.662
WFR_0828,LOT_034,998.4,3621,100.13,16.95,224.0,0.001,53,176,148.24,252.38,407.89,1.24,3.24,0.664
WFR_0829,LOT_034,998.7,3599,100.73,19.73,224.6,0.003,38,183,151.68,245.0,410.28,1.235,3.13,0.672
WFR_0830,LOT_034,999.2,3600,99.51,16.92,214.7,0.027,39,182,151.15,256.4,387.29,2.585,91.53,0.634
WFR_0831,LOT_034,996.0,3611,97.9,14.19,224.3,-0.005,41,176,143.82,250.11,410.9,2.977,77.52,0.604
WFR_0832,LOT_034,997.2,3603,98.73,12.89,214.1,-0.002,45,177,146.79,250.23,410.45,1.225,3.55,0.644
WFR_0833,LOT_034,997.0,3614,101.4,19.14,222.9,-0.022,36,183,149.98,242.78,390.62,2.152,74.14,0.643
WFR_0834,LOT_034,997.7,3604,99.47,9.31,223.1,0.016,53,179,150.08,244.06,415.99,1.187,3.63,0.646
WFR_0835,LOT_034,999.9,3591,99.56,11.12,210.4,0.004,48,186,153.7,245.05,385.43,1.301,3.76,0.638
WFR_0836,LOT_034,1000.7,3605,99.91,13.41,220.5,-0.008,42,182,150.76,250.28,393.75,1.269,3.49,0.667
WFR_0837,LOT_034,1004.7,3583,102.26,19.95,217.7,-0.038,46,178,149.53,250.47,404.79,2.873,118.99,0.671
WFR_0838,LOT_034,997.0,3602,101.21,16.52,216.2,0.029,40,180,148.2,259.26,391.46,2.808,219.78,0.681
WFR_0839,LOT_034,1003.0,3600,102.65,11.13,226.8,-0.025,30,180,150.51,252.31,402.64,1.792,129.76,0.674
WFR_0840,LOT_034,999.4,3597,99.68,13.76,216.7,-0.012,45,177,149.32,233.75,402.41,1.877,109.41,0.661
WFR_0841,LOT_034,999.9,3598,100.23,12.54,216.0,0.007,35,176,148.69,251.58,398.13,2.489,102.78,0.684
WFR_0842,LOT_034,1002.0,3572,98.22,12.16,220.4,-0.024,53,183,151.49,241.3,408.32,1.227,3.44,0.613
WFR_0843,LOT_034,996.6,3592,100.81,18.92,223.4,-0.03,45,183,154.28,244.2,397.72,1.249,5.07,0.664
WFR_0844,LOT_034,1001.1,3601,99.03,9.51,219.3,-0.042,40,182,152.14,245.13,402.32,1.221,3.41,0.68
WFR_0845,LOT_034,1000.5,3602,100.34,21.44,225.8,0.014,38,186,151.51,246.02,411.46,1.205,4.78,0.655
WFR_0846,LOT_034,1001.5,3585,98.82,18.31,222.7,-0.011,40,178,149.53,241.75,407.91,1.213,3.38,0.637
WFR_0847,LOT_034,1000.9,3619,99.92,19.36,209.1,0.059,42,187,154.49,251.22,407.86,1.903,93.38,0.661
WFR_0848,LOT_034,1007.4,3587,100.01,13.15,217.4,-0.02,39,176,147.31,241.54,388.51,1.311,4.02,0.651
WFR_0849,LOT_034,998.1,3615,99.4,14.4,217.2,-0.018,36,176,149.73,252.14,405.25,2.587,80.84,0.617
WFR_0850,LOT_034,998.4,3606,99.35,9.27,222.4,-0.011,56,173,147.18,263.42,391.22,2.764,92.1,0.659
WFR_0851,LOT_035,998.1,3590,98.98,12.9,206.9,0.005,4,178,145.8,242.02,387.19,1.34,2.72,0.608
WFR_0852,LOT_035,998.3,3627,101.12,16.97,232.7,-0.009,4,178,149.22,248.29,399.28,1.244,3.39,0.657
WFR_0853,LOT_035,998.1,3582,98.25,20.18,222.7,0.012,3,182,150.79,234.86,390.96,1.292,2.57,0.647
WFR_0854,LOT_035,1003.6,3614,101.03,10.57,220.7,-0.02,0,181,151.09,248.19,407.91,1.214,7.43,0.657
WFR_0855,LOT_035,1004.3,3615,102.16,13.54,225.9,-0.028,0,175,148.6,253.86,408.15,1.23,2.43,0.665
WFR_0856,LOT_035,998.3,3590,99.03,14.39,231.7,-0.036,3,178,149.7,254.32,380.97,1.314,3.68,0.652
WFR_0857,LOT_035,997.5,3621,99.33,9.42,224.4,-0.044,2,179,151.89,250.46,391.72,1.28,4.88,0.629
WFR_0858,LOT_035,1001.4,3596,99.91,17.37,224.7,-0.01,3,173,146.2,255.34,385.4,1.342,4.75,0.631
WFR_0859,LOT_035,998.3,3604,101.02,12.1,220.7,-0.006,2,176,148.77,265.28,395.37,1.253,4.54,0.666
WFR_0860,LOT_035,1001.9,3604,100.56,14.22,219.3,-0.013,6,177,149.55,260.27,404.55,1.207,3.39,0.654
WFR_0861,LOT_035,1000.6,3598,99.52,13.19,217.6,0.025,4,186,152.82,246.86,397.58,1.225,5.14,0.626
WFR_0862,LOT_035,995.5,3612,100.05,11.84,215.9,0.025,3,181,151.54,241.29,394.1,1.246,4.61,0.66
WFR_0863,LOT_035,1004.6,3612,99.83,14.97,216.6,-0.007,4,183,150.47,247.56,413.0,1.209,3.87,0.655
WFR_0864,LOT_035,1005.4,3574,100.96,14.14,213.2,-0.036,6,174,146.18,244.32,376.95,1.326,3.9,0.656
WFR_0865,LOT_035,998.2,3620,100.52,13.51,219.6,-0.011,3,185,150.31,252.71,412.37,1.194,3.4,0.652
WFR_0866,LOT_035,998.8,3575,99.02,12.09,211.6,-0.012,0,185,153.16,242.91,394.56,1.275,2.92,0.645
WFR_0867,LOT_035,1000.9,3615,99.6,16.28,221.0,-0.013,0,172,146.57,249.56,399.22,1.272,5.0,0.663
WFR_0868,LOT_035,1001.0,3617,99.6,21.61,219.8,-0.014,7,177,150.44,255.03,394.73,1.262,5.09,0.641
WFR_0869,LOT_035,1002.0,3584,100.5,15.56,220.7,-0.013,5,182,152.08,249.4,415.43,1.186,2.94,0.666
WFR_0870,LOT_035,1006.0,3594,102.01,18.98,217.4,-0.008,2,183,150.46,244.32,387.69,1.3,3.53,0.683
WFR_0871,LOT_035,999.5,3583,98.95,9.44,235.4,-0.013,6,177,147.09,257.05,400.12,1.254,3.54,0.651
WFR_0872,LOT_035,997.6,3597,100.03,15.63,226.8,0.004,6,179,150.03,238.73,405.27,1.225,3.64,0.651
WFR_0873,LOT_035,995.9,3595,97.2,10.61,213.8,0.007,2,178,151.03,248.03,383.89,1.356,3.73,0.603
WFR_0874,LOT_035,997.8,3612,99.32,9.09,221.2,-0.018,4,180,151.49,249.75,390.8,1.299,4.65,0.635
WFR_0875,LOT_035,999.9,3620,100.35,12.04,217.0,0.025,2,185,153.95,250.1,398.52,1.294,3.04,0.659
WFR_0876,LOT_036,1005.4,3621,100.32,19.77,214.9,-0.02,1,177,148.08,251.08,391.13,1.281,2.97,0.681
WFR_0877,LOT_036,998.4,3592,98.66,18.8,213.3,-0.032,5,184,151.57,253.66,391.84,1.276,5.0,0.627
WFR_0878,LOT_036,1000.7,3597,99.37,15.97,222.2,0.008,7,177,147.46,249.79,396.5,1.245,3.27,0.655
WFR_0879,LOT_036,1000.0,3575,99.78,8.87,216.6,-0.016,0,177,148.26,247.79,406.5,1.213,2.68,0.642
WFR_0880,LOT_036,1003.6,3588,100.11,14.21,224.8,0.006,2,183,151.5,247.55,396.57,1.297,3.25,0.653
WFR_0881,LOT_036,1007.6,3614,99.19,16.21,225.0,-0.048,0,184,152.32,246.33,410.78,1.189,3.38,0.663
WFR_0882,LOT_036,998.4,3624,98.13,15.7,226.9,0.028,4,183,151.88,254.73,390.02,1.323,5.41,0.639
WFR_0883,LOT_036,998.5,3581,98.8,7.62,215.7,0.013,5,175,147.41,246.12,387.48,1.283,4.62,0.617
WFR_0884,LOT_036,1003.1,3591,100.75,11.44,222.4,-0.03,2,178,147.75,255.08,419.26,1.159,4.89,0.65
WFR_0885,LOT_036,1002.0,3600,97.55,14.74,223.2,-0.03,1,183,153.55,250.11,393.42,1.259,4.5,0.639
WFR_0886,LOT_036,1005.5,3604,100.42,17.15,217.6,0.033,3,180,150.11,246.87,386.89,1.301,4.65,0.657
WFR_0887,LOT_036,1001.8,3588,99.49,6.22,216.1,-0.015,2,176,147.69,253.71,382.58,1.345,3.09,0.627
WFR_0888,LOT_036,998.9,3606,101.35,14.35,228.0,-0.017,3,182,149.52,245.64,410.75,1.217,3.49,0.654
WFR_0889,LOT_036,1001.8,3593,99.74,15.57,221.1,-0.045,3,177,146.62,253.83,396.59,1.265,2.86,0.657
WFR_0890,LOT_036,1003.3,3600,100.88,18.4,223.2,-0.007,5,187,155.38,251.28,397.46,1.241,3.48,0.675
WFR_0891,LOT_036,1002.5,3608,100.67,17.77,215.9,-0.005,4,186,153.79,246.42,398.41,1.239,4.35,0.658
WFR_0892,LOT_036,1001.5,3600,98.1,17.33,213.9,0.014,2,182,149.15,253.17,410.13,1.194,3.79,0.664
WFR_0893,LOT_036,1003.2,3593,101.12,11.8,217.2,-0.028,7,185,153.64,253.28,398.2,1.228,5.09,0.676
WFR_0894,LOT_036,1003.5,3598,100.71,7.37,219.4,-0.03,3,180,151.37,256.95,423.44,1.173,2.76,0.655
WFR_0895,LOT_036,1004.1,3599,101.1,13.43,214.7,0.009,3,183,151.5,255.8,401.34,1.204,4.16,0.651
WFR_0896,LOT_036,1001.9,3594,104.11,19.01,220.0,0.02,0,186,154.53,252.95,410.62,1.226,2.69,0.685
WFR_0897,LOT_036,999.5,3596,97.76,20.57,211.6,-0.031,6,181,151.26,243.23,408.05,1.207,3.76,0.628
WFR_0898,LOT_036,1000.4,3624,102.27,17.84,214.4,0.022,3,179,146.91,264.69,399.64,1.245,4.42,0.67
WFR_0899,LOT_036,1003.6,3608,100.42,16.72,223.4,0.001,0,173,147.05,241.58,394.13,1.297,3.48,0.68
WFR_0900,LOT_036,997.5,3596,99.83,16.52,223.0,0.022,6,180,150.23,255.7,403.32,1.266,4.21,0.67
WFR_0901,LOT_037,1001.1,3610,100.33,12.78,218.0,-0.001,3,183,150.68,252.59,405.1,1.25,2.89,0.663
WFR_0902,LOT_037,998.8,3595,99.3,14.48,214.9,-0.05,6,184,152.89,242.96,394.27,1.274,2.42,0.624
WFR_0903,LOT_037,1000.1,3618,99.8,21.68,214.9,-0.003,1,182,148.55,249.25,401.66,1.269,4.22,0.637
WFR_0904,LOT_037,1003.8,3606,101.02,11.23,218.1,0.021,5,178,150.2,249.53,412.36,1.166,5.67,0.681
WFR_0905,LOT_037,1000.6,3598,98.54,21.46,223.2,-0.018,4,172,145.02,257.83,420.7,1.172,2.86,0.624
WFR_0906,LOT_037,1000.1,3607,100.91,13.71,224.6,-0.008,4,178,147.35,245.72,408.54,1.206,4.98,0.678
WFR_0907,LOT_037,995.9,3576,98.5,20.3,217.5,-0.004,4,179,149.52,248.43,418.63,1.201,3.71,0.639
WFR_0908,LOT_037,1002.2,3583,98.87,9.37,214.2,-0.058,1,179,150.25,235.98,393.71,1.267,2.63,0.637
WFR_0909,LOT_037,1001.9,3582,99.48,17.34,221.3,0.033,1,182,151.59,260.41,407.02,1.234,2.77,0.633
WFR_0910,LOT_037,1006.5,3602,102.27,12.05,215.9,-0.018,9,188,152.4,243.58,413.39,1.2,3.68,0.676
WFR_0911,LOT_037,999.1,3626,99.85,9.34,217.4,0.01,6,180,149.52,251.96,391.04,1.27,674.22,0.651
WFR_0912,LOT_037,1000.7,3633,101.13,15.87,226.6,-0.002,4,179,147.64,249.39,395.14,1.265,2.64,0.679
WFR_0913,LOT_037,1000.7,3610,99.57,19.04,224.1,0.025,2,179,149.23,249.41,417.38,1.209,2.4,0.632
WFR_0914,LOT_037,1004.7,3608,101.62,11.62,220.8,0.008,3,180,151.54,254.86,390.25,1.269,2.97,0.665
WFR_0915,LOT_037,999.7,3573,100.1,9.0,213.6,-0.005,4,177,148.32,260.03,386.59,1.311,3.85,0.652
WFR_0916,LOT_037,1000.8,3592,101.81,14.63,221.1,-0.018,4,180,151.17,251.51,415.28,1.17,3.66,0.682
WFR_0917,LOT_037,1001.8,3588,99.86,14.65,225.3,0.016,2,182,153.11,253.93,411.97,1.187,3.24,0.635
WFR_0918,LOT_037,1000.6,3591,100.57,17.19,218.1,-0.037,1,181,149.42,251.97,404.32,1.234,3.86,0.637
WFR_0919,LOT_037,998.7,3597,99.85,18.8,226.8,0.013,4,182,150.67,256.11,399.54,1.234,4.76,0.658
WFR_0920,LOT_037,1000.6,3593,101.24,14.76,226.5,-0.022,1,182,153.88,247.22,395.61,1.237,4.05,0.642
WFR_0921,LOT_037,1003.2,3570,99.17,22.42,228.3,0.025,4,173,148.79,256.45,402.82,1.248,3.56,0.659
WFR_0922,LOT_037,996.9,3611,100.51,15.9,221.5,0.003,5,183,148.66,256.66,415.8,1.174,4.63,0.654
WFR_0923,LOT_037,1000.4,3584,99.54,13.61,222.9,0.013,2,177,149.33,256.5,402.39,1.226,2.89,0.621
WFR_0924,LOT_037,997.9,3604,99.69,8.55,227.1,0.002,4,176,147.87,246.04,421.67,1.151,3.47,0.639
WFR_0925,LOT_037,1003.6,3631,101.25,13.95,222.2,-0.035,2,176,148.78,248.99,391.02,1.288,3.49,0.671
WFR_0926,LOT_038,995.4,3586,99.29,13.65,217.5,-0.017,3,182,149.89,251.44,399.8,1.27,2.69,0.634
WFR_0927,LOT_038,998.3,3562,98.87,18.84,217.8,0.013,4,179,148.52,241.77,396.27,1.299,3.3,0.637
WFR_0928,LOT_038,1001.1,3596,100.3,16.85,221.2,0.003,4,173,145.56,259.57,389.15,1.292,2.18,0.665
WFR_0929,LOT_038,1004.7,3617,102.61,10.28,213.5,0.024,3,182,149.58,249.93,398.47,1.3,5.92,0.678
WFR_0930,LOT_038,999.8,3629,101.54,15.69,219.3,0.008,5,174,148.04,251.7,404.17,1.219,2.9,0.654
WFR_0931,LOT_038,998.3,3582,100.25,17.69,225.5,-0.019,3,181,148.46,246.54,405.24,1.255,5.45,0.649
WFR_0932,LOT_038,1005.6,3607,100.54,21.11,209.0,-0.016,2,181,149.44,242.04,421.7,1.15,3.7,0.678
WFR_0933,LOT_038,995.7,3593,98.32,18.55,227.7,0.002,1,184,149.42,246.38,404.64,1.216,4.23,0.655
WFR_0934,LOT_038,993.4,3598,99.93,18.04,225.6,-0.046,4,187,155.09,251.32,411.5,1.174,3.25,0.619
WFR_0935,LOT_038,1001.3,3640,101.87,15.24,217.7,0.033,2,175,148.8,254.04,400.66,1.25,3.87,0.689
WFR_0936,LOT_038,998.5,3577,100.8,16.55,222.7,0.009,4,180,149.25,250.97,416.78,1.197,4.32,0.663
WFR_0937,LOT_038,996.9,3604,99.01,20.0,220.0,0.025,5,179,149.2,252.08,423.98,1.17,4.33,0.652
WFR_0938,LOT_038,1002.1,3607,100.23,9.67,226.1,-0.032,0,182,151.5,247.98,405.31,1.205,4.45,0.644
WFR_0939,LOT_038,1000.7,3616,98.8,13.6,224.9,0.025,2,181,152.88,252.98,390.07,1.261,3.35,0.609
WFR_0940,LOT_038,998.3,3601,99.38,11.91,213.0,0.045,2,179,150.03,258.9,394.51,1.254,3.25,0.651
WFR_0941,LOT_038,996.2,3605,100.51,16.52,222.9,-0.026,2,178,147.97,254.23,402.82,1.243,2.46,0.642
WFR_0942,LOT_038,1002.6,3594,99.81,19.92,219.0,0.015,1,176,145.38,254.86,404.56,1.241,4.18,0.627
WFR_0943,LOT_038,1002.0,3604,101.01,12.61,220.4,0.0,2,184,150.1,251.76,406.98,1.203,4.81,0.642
WFR_0944,LOT_038,999.7,3595,99.66,5.44,216.4,-0.031,2,182,151.1,240.98,404.6,1.234,5.5,0.655
WFR_0945,LOT_038,1005.5,3609,101.34,13.35,228.7,0.01,7,184,150.58,243.73,400.07,1.293,3.96,0.668
WFR_0946,LOT_038,996.8,3594,98.26,18.65,225.2,0.017,2,179,150.02,252.73,393.64,1.265,3.03,0.641
WFR_0947,LOT_038,995.4,3606,99.51,17.15,216.3,-0.012,3,177,147.95,249.93,404.01,1.231,2.4,0.654
WFR_0948,LOT_038,997.9,3600,96.69,16.71,213.3,0.023,1,176,146.92,252.64,418.55,1.196,4.76,0.604
WFR_0949,LOT_038,999.9,3617,100.13,13.88,218.1,-0.033,4,181,148.93,260.06,410.2,1.201,2.34,0.651
WFR_0950,LOT_038,1000.7,3599,98.46,9.88,222.2,-0.03,2,176,150.57,254.36,405.35,1.24,3.37,0.624
WFR_0951,LOT_039,999.3,3573,100.57,17.06,221.2,0.003,3,187,154.92,257.55,410.3,1.18,3.47,0.654
WFR_0952,LOT_039,1001.1,3619,101.31,11.66,226.3,0.001,5,175,149.72,250.57,396.29,1.302,3.61,0.651
WFR_0953,LOT_039,996.2,3586,99.63,23.74,223.9,-0.014,3,181,151.43,245.16,394.92,1.273,3.7,0.651
WFR_0954,LOT_039,1004.3,3590,101.97,17.28,224.8,0.016,3,186,152.09,249.65,392.52,1.261,3.8,0.69
WFR_0955,LOT_039,999.8,3591,98.84,12.68,221.6,0.011,3,182,153.42,245.17,398.75,1.233,2.01,0.624
WFR_0956,LOT_039,1003.4,3621,102.66,12.55,213.1,0.017,4,181,149.77,259.35,395.78,1.257,3.68,0.701
WFR_0957,LOT_039,1001.0,3568,100.45,14.63,219.0,-0.002,6,176,148.31,254.74,412.08,1.234,2.1,0.657
WFR_0958,LOT_039,1001.4,3647,100.91,14.04,225.3,0.012,5,174,146.99,253.12,395.25,1.253,4.41,0.665
WFR_0959,LOT_039,1001.7,3616,101.71,19.47,219.7,-0.009,1,183,146.78,257.42,391.97,1.278,3.19,0.645
WFR_0960,LOT_039,1001.3,3603,99.16,15.75,222.5,0.041,4,186,155.59,237.88,419.43,1.144,2.14,0.613
WFR_0961,LOT_039,1001.9,3599,99.45,12.07,218.4,-0.016,1,178,149.97,253.53,395.49,1.268,2.99,0.646
WFR_0962,LOT_039,1004.0,3604,100.08,22.56,214.9,0.042,3,175,148.2,242.14,401.54,1.244,3.18,0.663
WFR_0963,LOT_039,1000.6,3608,99.72,15.2,219.4,0.001,4,170,145.05,249.96,404.51,1.217,4.94,0.637
WFR_0964,LOT_039,1002.1,3610,99.46,18.08,221.5,-0.028,4,176,148.39,248.13,388.63,1.292,3.85,0.669
WFR_0965,LOT_039,999.7,3608,101.35,12.57,216.7,0.027,5,180,148.61,253.97,412.35,1.203,4.0,0.677
WFR_0966,LOT_039,1004.3,3601,100.42,16.45,218.8,0.003,3,186,154.04,251.37,406.37,1.2,4.93,0.641
WFR_0967,LOT_039,998.0,3597,99.99,16.24,215.3,0.017,1,183,149.39,258.07,415.58,1.203,3.58,0.65
WFR_0968,LOT_039,1005.4,3598,100.19,7.44,225.6,0.024,1,181,150.85,246.39,393.21,1.293,4.43,0.689
WFR_0969,LOT_039,999.9,3597,98.1,23.06,218.5,0.007,4,178,150.42,254.25,400.99,1.243,4.35,0.609
WFR_0970,LOT_039,995.7,3617,99.97,20.16,227.3,-0.012,5,178,148.54,250.97,400.39,1.257,2.66,0.658
WFR_0971,LOT_039,1000.4,3609,98.32,13.41,227.6,0.02,2,186,153.7,240.19,402.64,1.185,5.3,0.625
WFR_0972,LOT_039,998.0,3556,98.74,10.59,219.6,0.0,4,181,149.17,244.49,385.45,1.302,2.57,0.646
WFR_0973,LOT_039,1002.5,3610,99.21,16.39,215.0,0.014,6,172,144.5,249.1,401.11,1.282,4.62,0.659
WFR_0974,LOT_039,998.0,3603,101.75,15.35,209.6,-0.043,3,177,148.66,256.67,385.74,1.303,2.51,0.665
WFR_0975,LOT_039,998.7,3600,100.7,16.42,212.6,0.009,3,177,149.16,252.78,403.58,1.223,4.26,0.675
WFR_0976,LOT_040,994.3,3594,99.14,15.77,213.1,-0.013,3,178,146.27,242.99,378.71,1.392,5.84,0.673
WFR_0977,LOT_040,998.6,3617,101.4,17.02,226.9,0.033,2,182,151.63,249.16,381.48,1.356,3.48,0.668
WFR_0978,LOT_040,992.7,3614,98.35,20.79,220.6,0.012,4,180,149.3,262.11,408.19,1.229,3.44,0.642
WFR_0979,LOT_040,995.2,3588,99.6,17.27,221.9,0.005,2,180,149.64,250.67,394.53,1.296,4.27,0.636
WFR_0980,LOT_040,1002.3,3606,100.66,10.8,208.9,0.01,1,185,150.48,248.04,390.12,1.244,3.38,0.658
WFR_0981,LOT_040,1002.4,3585,100.33,20.45,214.0,-0.02,2,177,147.26,252.95,412.71,1.192,5.78,0.651
WFR_0982,LOT_040,1001.3,3579,101.05,21.56,224.4,0.032,2,187,154.97,254.58,403.28,1.213,3.85,0.675
WFR_0983,LOT_040,997.1,3591,100.11,27.61,221.4,0.04,4,177,148.68,247.26,408.72,1.214,3.39,0.669
WFR_0984,LOT_040,999.9,3613,100.53,10.51,219.3,0.008,4,180,149.5,253.02,398.34,1.248,3.21,0.655
WFR_0985,LOT_040,1000.0,3614,98.63,15.97,222.8,0.032,3,179,149.54,248.03,426.8,1.093,2.91,0.657
WFR_0986,LOT_040,996.5,3608,98.67,6.67,228.2,-0.011,4,180,151.25,254.32,393.95,1.278,3.14,0.657
WFR_0987,LOT_040,1004.5,3611,100.77,17.21,218.9,-0.016,4,182,151.4,251.02,417.44,1.187,3.36,0.672
WFR_0988,LOT_040,1002.6,3608,100.64,12.81,220.3,0.001,1,182,150.63,252.89,399.39,1.283,3.25,0.65
WFR_0989,LOT_040,999.3,3590,98.58,22.69,221.0,0.009,5,177,150.42,245.44,383.45,1.299,3.11,0.624
WFR_0990,LOT_040,1000.1,3606,102.55,11.9,232.0,-0.008,4,176,148.7,245.07,404.83,1.217,6.2,0.668
WFR_0991,LOT_040,1000.6,3612,101.85,8.24,209.5,0.011,1,190,155.26,255.67,403.15,1.168,2.84,0.686
WFR_0992,LOT_040,993.9,3611,99.91,13.11,223.4,0.006,5,178,149.13,249.52,389.49,1.289,3.81,0.631
WFR_0993,LOT_040,999.3,3618,100.32,7.1,219.4,-0.02,4,183,152.32,251.71,390.78,1.298,4.26,0.664
WFR_0994,LOT_040,998.0,3611,99.69,18.0,222.8,0.01,1,174,147.32,248.16,399.75,1.247,4.3,0.63
WFR_0995,LOT_040,997.0,3605,98.7,6.74,216.7,0.017,2,179,151.29,255.39,403.5,1.275,3.62,0.647
WFR_0996,LOT_040,999.2,3616,100.27,15.11,219.8,0.003,4,179,151.04,246.35,375.29,1.341,3.46,0.654
WFR_0997,LOT_040,1005.4,3600,101.06,6.69,223.6,0.023,2,182,149.21,249.19,410.53,1.213,4.11,0.683
WFR_0998,LOT_040,1001.9,3587,98.78,13.72,235.6,-0.024,6,169,143.17,254.72,395.06,1.263,3.92,0.653
WFR_0999,LOT_040,998.3,3598,100.03,21.57,224.0,0.009,4,181,149.27,257.04,386.68,1.311,3.44,0.672
WFR_1000,LOT_040,1001.7,3589,99.88,16.44,215.8,-0.023,6,175,149.19,246.86,409.41,1.175,2.48,0.67
